机场三字码,机场名称,机场英文名,机场简称,城市名称
PEK,首都国际机场,CAPITAL,首都,北京
PVG,浦东机场,PU DONG,浦东,上海
SHA,虹桥国际机场,HONGQIAO,虹桥,上海
TSN,滨海国际机场,TIANJIN,滨海,天津
CKG,江北国际机场,CHONGQING,江北,重庆
HRB,太平国际机场,HARBIN,太平,哈尔滨
DLC,周水子国际机场,DALIAN,周水子,大连
TAO,流亭国际机场,QINGDAO,流亭,青岛
XIY,咸阳国际机场,XIANYANG,咸阳,西安
DNH,敦煌机场,DUNHUANG,敦煌,敦煌
NKG,禄口国际机场,NANJING,禄口,南京
WUX,无锡苏南硕放国际机场,WUXI,苏南硕放,无锡
YTY,扬州泰州机场,YANGZHOU TAIZHOU AIR,扬泰机场,扬州
HGH,萧山国际机场,HANGZHOU,萧山,杭州
HSN,普陀山机场,ZHOUSHANPUTUOSHAN,普陀山,舟山
TXN,屯溪机场,TUNXI,屯溪,黄山
JIU,庐山机场,JIUJIANG,庐山,九江
XMN,高崎国际机场,XIAMEN,高崎,厦门
WUS,武夷山机场,FUJIAN PROVINCE,,武夷山
DYG,荷花机场,DAYONG,荷花,张家界
CTU,双流国际机场,CHENGDU,双流,成都
SZX,宝安国际机场,SHENZHEN,宝安,深圳
ZUH,三灶机场,ZHUHAI,三灶,珠海
CAN,新白云国际机场,BAIYUN,新白云,广州
KWL,两江国际机场,GUILIN,两江,桂林
KMG,巫家坝国际机场,KUNMING,巫家坝,昆明
JHG,西双版纳机场,XI SHUANG BAN NA,西双版纳,西双版纳
DLU,大理机场,DALI,,大理
LJG,丽江机场,LIJIANG,,丽江
KWE,龙洞堡国际机场,GUIYANG,龙洞堡,贵阳
URC,地窝堡国际机场,URUMQI,地窝堡,乌鲁木齐
LXA,贡嘎国际机场,LHASA,贡嘎,拉萨
HAK,美兰国际机场,HAIKOU,美兰,海口
SYX,凤凰国际机场,SANYA,凤凰,三亚
HKG,赤腊角国际机场,HONG KONG,赤腊角,中国香港
MFM,澳门机场,MACAU,澳门,中国澳门
TGG,瓜拉丁加奴机场,SULTAN MAHMOOD,瓜拉丁加奴,瓜拉丁加奴
SIN,樟宜机场,CHANGI,樟宜,新加坡
NTG,兴东机场,NANTONG,兴东,南通
JZH,黄龙机场,JIU ZHAI HUANG LONG,黄龙,九寨沟
RKZ,日喀则和平机场,RIKAZE,和平,日喀则
DIG,香格里拉机场,DI QING XIANG GE LI ,香格里拉 ,迪庆
NGQ,阿里昆莎机场,Alikunsha Airport,昆莎,阿里
INC,河东机场,YINCHUAN,河东,银川
LHW,中川机场,LANZHOU,中川,兰州
HET,白塔国际机场,HOHHOT,白塔,呼和浩特
TYN,武宿机场,TAIYUAN,武宿,太原
LZY,林芝米林机场,LINZHI,米林,林芝
KHG,喀什机场,KASHI,,喀什
ENY,二十里铺机场,YAN'AN,二十里铺,延安
XNN,曹家堡机场,XINING,曹家堡,西宁
HZG,西关机场,HANZHONG,西关,汉中
GOQ,格尔木机场,GOLMUD,,格尔木
DAT,大同机场,DATONG,,大同
CIH,长治机场,CHANGZHI,,长治
YCU,张孝机场,YUN CHENG,关公,运城
BAV,二里半机场,BAOTOU,二里半,包头
HLD,东山国际机场,HAILAR,东山,海拉尔
TNA,遥墙国际机场,JINAN,遥墙,济南
SHP,山海关机场,QINHUANGDAO,山海关,秦皇岛
NDG,三家子机场,QIQIHAR,三家子,齐齐哈尔
MDG,海浪机场,MUDANJIANG,海浪,牡丹江
OHE,漠河机场,MO HE,,漠河
JXA,兴凯湖机场,JIXI,兴凯湖,鸡西
CGQ,龙嘉国际机场,CHANGCHUN,龙嘉,长春
JIL,二台子机场,JILIN,二台子,吉林
KRY,克拉玛依机场,KARAMAY,,克拉玛依
OVB,新西伯利亚机场,TOLMACHEVO,新西伯利亚,新西伯利亚
AKA,五里铺机场,ANKANG,五里铺,安康
AKU,阿克苏机场,AKSU,,阿克苏
ALA,阿拉木图机场,ALMATY,阿拉木图,阿拉木图
AAT,阿勒泰机场,ALTAY,,阿勒泰
AMS,阿姆斯特丹机场,AMSTERDAM-SCHIPHOL,斯特普霍尔,阿姆斯特丹
AQG,天柱山机场,ANQING,天柱山,安庆
AOG,腾鳌机场,ANSHAN,腾鳌,鞍山
AVA,黄果树机场,AN SHUN/HUANG GUO SH,黄果树,安顺
BHY,福城机场,BEIHAI,福城,北海
CDG,巴黎戴高乐机场,CHARLES DE GAULLE,巴黎戴高乐,巴黎
ORY,巴黎奥利机场,ORLY FIELD,巴黎奥利,巴黎
SXF,肖尔内菲尔德机场,SCHOENEFELD,肖尔内菲尔德,柏林
BER,勃兰登堡国际机场,Berlin Brandenburg A,勃兰登堡机场,柏林
TXL,泰格尔机场,TEGEL,泰格尔,柏林
BAH,巴林机场,BAHRAIN,巴林,巴林
BRU,布鲁塞尔机场,NATIONAL,布鲁塞尔,布鲁塞尔
ZYR,米迪火车站,MIDI RAILWAY STATION,,布鲁塞尔
BSD,保山机场,BAOSHAN,,保山
NBS,长白山机场,CHANG BAI SHAN,,白山
CGD,桃花源机场,CHANGDE,桃花源,常德
CIF,玉龙机场,CHIFENG,玉龙,赤峰
NGS,长崎机场,NAGASAKI,长崎,长崎
CSX,黄花国际机场,CHANGSHA,黄花,长沙
OKA,冲绳机场,NAHA,那霸,冲绳
CHG,朝阳机场,CHAOYANG,,朝阳
CZX,奔牛国际机场,CHANGZHOU,奔牛,常州
ITM,伊丹机场,ITAMI,伊丹,大阪
KIX,关西国际机场,KANSAI,关西,大阪
DXB,迪拜机场,DUBAI,迪拜,迪拜
XNB,迪拜市中心切尔希大厦,DUBAI EY BUS STATION,迪拜市中心切尔希大厦,迪拜
DDG,浪头机场,DANDONG,浪头,丹东
HND,羽田机场,HANEDA,羽田,东京
NRT,成田机场,NARITA,成田,东京
DEL,德里机场,INDIRA GANDHI,德里,德里
DQA,萨尔图机场　,SAERTU,萨尔图,大庆
DTW,底特律机场,WAYNE COUNTY,底特律,底特律
DET,底特律市机场 ,DETROIT CITY AIRPORT,底特律市,底特律
DAX,达县机场,DAZHOU,达县,达州
DOY,胜利机场,DONGYING,永安,东营
ENH,许家坪机场,ENSHI,许家坪,恩施
FUK,福冈机场,FUKUOKA,福冈,福冈
FRA,法兰克福机场,FRANKFURT,法兰克福,法兰克福
FUO,沙堤机场,FUOSHAN,沙堤,佛山
PUS,釜山机场,GIMHAE,釜山,釜山
FUG,西关机场,FUYANG,西关,阜阳
FOC,长乐国际机场,FUZHOU,长乐,福州
CPH,哥本哈根机场,COPENHAGEN,卡斯特鲁普,哥本哈根
HIJ,广岛机场,HIROSHIMA,广岛,广岛
OKJ,冈山机场,OKAYAMA,冈山,冈山
GYS,盘龙机场,GUANG YUAN,盘龙,广元
KOW,黄金机场,GANZHOU,黄金,赣州
KHV,哈巴罗夫斯克机场,NOVYY,哈..机场,哈巴罗夫斯克
SEL,金浦国际机场,METROPOLITAN AREA,金浦,首尔
GMP,金浦国际机场,GIMPO,金浦,首尔
ICN,仁川国际机场,INCHEON,仁川,首尔
HDG,邯郸机场,HANDAN,,邯郸
HEL,赫尔辛基机场,HELSINKI-VANTAA,赫尔辛基,赫尔辛基
HFE,骆岗国际机场,HEFEI,骆岗,合肥
HEK,黑河机场,HEIHE,,黑河
HJJ,芷江机场,ZHIJIANG,芷江,怀化
HMI,哈密机场,HAMI,,哈密
HAN,河内机场,NOIBAI,河内,河内
WAW,华沙机场,FREDERIC CHOPIN,华沙,华沙
HTN,和田机场,HOTAN,,和田
SGN,胡志明市机场,HO CHI MINH CITY,胡志明市,胡志明市
PNH,金边机场,POCHENTONG,金边,金边
KTM, 特里布胡凡机场 ,TRIBHUVAN,加德满都,加德满都
JDZ,景德镇机场,JINGDEZHEN,,景德镇
IEV,基辅机场,KIEV-ZHULHANY,基辅,基辅
KBP,基辅BORISPOL机场,KIEV-BORISPOL,鲍里斯波尔,基辅
JGS,井冈山机场,JI AN/JING GANG SHAN,,井冈山
SFO,旧金山机场,SAN FRANCISCO,旧金山,旧金山
KUL,吉隆坡国际机场,KUALA LUMPUR,吉隆坡,吉隆坡
SZB,吉隆坡梳邦机场,SULTAN ABDUL AZIZ SH,吉隆坡,吉隆坡
JMU,东郊机场,JIAMUSI,东郊,佳木斯
JNG,曲阜机场,JINING,曲阜,济宁
GYU,六盘山机场,LIU PAN SHAN,六盘山,固原
JGN,嘉峪关机场,JIAYUGUAN,,嘉峪关
JNZ,小岭子机场,LIAONING PROVINCE,小岭子,锦州
KCA,库车机场,KUQA,,库车
KRL,库尔勒机场,KORLA,,库尔勒
CAI,开罗机场,CAIRO,开罗,开罗
KHI,卡拉奇机场,QUAID-E-AZAM,卡拉奇,卡拉奇
KWI,科威特机场,KUWAIT,科威特,科威特
LHR,西斯罗机场,HEATHROW,西斯罗,伦敦
LGW,盖特维克机场,GATWICK,盖特维克,伦敦
LCY,伦敦城机场,LONDON CITY,伦敦城,伦敦
STN,伦敦斯坦德机场,STANSTED,伦敦斯坦德,伦敦
CIA,罗马机场,CIAMPINO,西阿姆皮诺,罗马
FCO,费尤米西诺机场,FIUMICINO AIRPORT,费尤米西诺,罗马
LAX,洛杉矶机场,LOS ANGELES,洛杉矶,洛杉矶
LCX,冠豸山机场,LIANCHENG,冠豸山,龙岩
LYA,北郊机场,LUOYANG,北郊,洛阳
LYG,白塔埠机场,LIANYUNGANG,白塔埠,连云港
LZH,白莲机场,LIUZHOU,白莲,柳州
LZO,兰田坝机场,LUZHOU,兰田坝,泸州
MAD,马德里机场,BARAJAS,巴拉查斯,马德里
MEL,墨尔本机场,TULLAMARINE,图拉曼里,墨尔本
AVV,阿瓦伦机场,AVALON AIRPORT,阿瓦伦机场,墨尔本
BKK,素万那普国际机场,SUVARNABHUMI,素万那普,曼谷
DMK,曼谷廊曼机场,DONG MUEANG INT,曼谷,曼谷
NGO,中部航空国际机场,CHUBU CENTRAIR,,名古屋
PMF,帕尔马机场,PARMA AIRPORT,帕尔马,米兰
MXP,米兰马尔彭萨机场,MALPENSA,马尔彭萨,米兰
LIN,利纳特机场,LINATE,利纳特,米兰
MUC,弗朗茨约瑟夫施特劳斯,FRANZ JOSEF STRAUSS,,慕尼黑
MNL,马尼拉机场,NINOY AQUINO,马尼拉,马尼拉
LUM,芒市机场,DE HONG MANG SHI,芒市,芒市
SVO,谢列蔑契娃机场,SHEREMETYEVO,谢列梅捷沃,莫斯科
DME,德莫杰多沃国际机场,DOMODEDOVO,德莫杰多沃,莫斯科
VKO,伏努科沃机场,VNUKOVO AIRPORT,伏努科沃,莫斯科
MIG,南郊机场,MIAN YANG,南郊,绵阳
NGB,栎社国际机场,NINGBO LISHE,栎社,宁波
KHN,昌北国际机场,NANCHANG,昌北,南昌
NAO,高坪机场,NANCHONG,高坪,南充
NNG,吴圩机场,NANNING,吴圩,南宁
NNY,姜营机场,NANYANG,姜营,南阳
FNJ,平壤机场,SUNAN,平壤,平壤
IQM,且末机场,QIEMO,,且末
IQN,庆阳机场,QINGYANG,,庆阳
JUZ,衢州机场,QUZHOU,,衢州
GRU,瓜鲁尔霍斯国际机场,GUARULHOS,瓜鲁尔霍斯,圣保罗
ARN,斯德哥尔摩机场,ARLANDA,阿兰达,斯德哥尔摩
UKB,神户机场,KOBE,神户机场,大阪
LIA,梁平机场,LIANGPING,梁平,梁平
SJW,正定国际机场,ZHENGDING,正定,石家庄
ZRH,苏黎世机场,ZURICH,克洛藤,苏黎世
SHS,沙市机场,SHASHI,沙市,沙市
SHE,桃仙机场,SHENYANG,桃仙,沈阳
TCG,塔城民航机场,TACHENG,塔城,塔城
TGO,通辽机场,TONGLIAO,,通辽
YYZ,帕尔森国际机场,PEARSON,帕尔森,多伦多
YTO,大都会地区 ,METROPOLITAN AREA,,多伦多
TLV,特拉维夫机场,BEN GURION,特拉维夫,特拉维夫
THQ,天水机场,GANSU TIANSHUI,,天水
TVS,三女河机场,TANGSHAN SANNUHE,,唐山
WEF,潍坊机场,WEIFANG,,潍坊
YVR,温哥华机场,VANCOUVER,温哥华,温哥华
WUH,天河国际机场,WUHAN,天河,武汉
WEH,大水泊国际机场,WEIHAI,大水泊,威海
ULN,乌兰巴托机场,BUYANT UHAA,乌兰巴托,乌兰巴托
HLH,乌兰浩特机场,ULANHOT,,乌兰浩特
VTE,万象机场,WATTAY,万象,万象
WXN,万州机场,WANZHOU,,万州
WNZ,永强国际机场,WENZHOU,永强,温州
WUZ,长洲岛机场,CHANGZHOUDAO,,梧州
XIC,青山机场,XICHANG,青山,西昌
XFN,刘集机场,XIANGFAN,,襄阳
XIL,锡林浩特机场,XILINHOT,,锡林浩特
SYD,悉尼机场,KINGSFORD SMITH,悉尼,悉尼
SEA,西雅图Tacoma国际机场,SEATTLE/TACOMA,塔科马,西雅图
XUZ,观音机场,XUZHOU,,徐州
YBP,菜坝机场,YIBIN,菜坝,宜宾
YIH,三峡机场,YICHANG,三峡,宜昌
LDS,林都机场,LINDU,,伊春
RGN,仰光机场,MINGALADON,明加拉顿,仰光
YNJ,朝阳川国际机场,YANJI,朝阳川,延吉
CGK,雅加达机场,SOEKARNO-HATTA,苏加诺哈达,雅加达
UYN,榆阳机场,YULIN,,榆林
YIN,伊宁机场,YINING,,伊宁
ISB,伊斯兰堡机场,ISLAMABAD,伊斯兰堡,伊斯兰堡
IST,伊斯坦布尔机场,ATATURK,伊斯坦布尔机场,伊斯坦布尔
YNT,蓬莱国际机场,LAISHAN,莱山,烟台
YIW,义乌机场,YIWU,,义乌
ZHA,湛江机场,ZHANJIANG,,湛江
CHI,欧於机场,CHICAGO FSS,欧於,芝加哥
ORD,奥黑尔国际机场,O'HARE,奥黑尔国际,芝加哥
MDW,米德威机场,MIDWAY AIRPORT,米德威,芝加哥
ZGN,中山机场,FERRY PORT,中山,中山
ZAT,昭通机场,ZHAOTONG,,昭通
ZHY,中卫机场,ZHONGWEI XIANGSHAN,,中卫
CGO,新郑国际机场,ZHENGZHOU,新郑,郑州
LYI,沭埠岭机场,LINYI,,临沂
TOY,富山机场,TOYAMA,富山,富山
BPX,昌都邦达机场,BANGDA,昌都,昌都
HIA,涟水机场,HUAI AN,涟水,淮安
HYN,路桥国际机场,TAIZHOU,路桥,台州
SDJ,仙台机场,SENDAI,仙台,仙台
FKS,福岛机场,FUKUSHIMA,福岛,福岛
TPE,桃园机场,TAIWAN TAOYUAN,桃园中正,中国台北
TSA,台北松山机场,SUNG SHAN,松山机场,台北
CNX,清迈机场,CHIANG MAI,清迈,清迈
PEN,槟城机场,PENANG,槟城,槟城
BQS,布拉格维申斯科机场,BLAGOVESCHENSK,维申斯科,布拉格维申斯科
VVO,符拉迪沃斯托克机场,VLADIVOSTOK,符拉迪沃斯托克,海参崴
THR,德黑兰机场,MEHRABAD INTL,德黑兰,德黑兰
IKA,伊玛姆科梅尼机场,IMAM KHOMEINI INTL,伊玛姆科梅尼,德黑兰
JFK,纽约肯尼迪机场,JOHN F. KENNEDY,纽约肯尼迪,纽约
EWR,Newark纽瓦克机场,NEWARK LIBERTY,纽瓦克,纽约
LGA,拉瓜迪机场,LA GUARDIA,拉瓜迪,纽约
ADD,亚的斯亚贝巴机场,BOLE,博来,亚的斯亚贝巴
BEG,贝尔格来德机场,BEOGRAD,贝尔格来德,贝尔格来德
BUD,布达佩斯机场,FERIHEGY,布达佩斯,布达佩斯
BWN,斯里巴加湾机场,BRUNEI,斯里巴加湾,斯里巴加湾市
TAS,塔什干机场,VOSTOCHNY,塔什干,塔什干
CTS,札幌机场,CHITOSE,札幌,札幌
FRU,比什凯克机场,BISHKEK,比什凯克,比什凯克
CEI,清莱机场,CHIANG RAI,清莱,清莱
BAK,巴库机场,METROPOLITAN AREA,巴库,巴库
GYD,阿里耶夫国际机场,HEYDAR ALIYEV,阿里耶夫,巴库
VIE,维也纳机场,VIENNA,斯事查特,维也纳
YZY,张掖机场,ZHANGYE AIRPORT,,张掖
LUX,卢森堡机场,LUXEMBOURG,卢森堡,卢森堡
GVA,日内瓦机场,GENEVE-COINTRIN,柯英特林,日内瓦
BTK,布拉茨克机场,BRATSK,布拉茨克,布拉茨克
HTA,赤塔机场,CHITA,赤塔,赤塔
IKT,伊尔库茨克机场,IRKUTSK,伊尔库茨克,伊尔库茨克
KUF,萨玛拉机场,SAMARA,萨玛拉,萨马拉
OTP,奥托佩尼机场,OTOPENI,奥托佩尼,布加勒斯特
LAS,拉斯维加斯机场,MCCARRAN,拉斯维加斯,拉斯维加斯
IAD,华盛顿杜勒斯机场,DULLES,杜勒斯,华盛顿
DCA,华盛顿国际机场,RONALD REAGAN NATION,华盛顿,华盛顿
AKL,奥克兰机场,AUCKLAND,奥克兰,奥克兰
CBR,堪培拉机场,CANBERRA,堪培拉,堪培拉
BNE,布里斯班,BRISBANE,布里斯本,布里斯班
PER,珀斯机场,PERTH,珀斯,珀斯
DRW,达尔文机场,DARWIN,达尔文,达尔文
CPT,开普敦机场,CAPE TOWN,默兰,开普敦
JNB,约翰内斯堡机场,JOHANNESBURG,约翰内斯堡,约翰内斯堡
FLR,佛罗伦撒机场,PERETOLA,佛罗伦撒,佛罗伦萨
VCE,马可波罗机场,MARCO POLO,马可波罗,威尼斯
HAV,哈瓦那机场,JOSE MARTI,哈瓦那,哈瓦那
MEX,胡阿雷兹国际机场,JUAREZ,墨西哥城,墨西哥城
PDX,波特兰国际机场,PORTLAND,波特兰,波特兰
PHX,凤凰城机场,SKY HARBOR,天港,凤凰城
SAN,圣迭戈国际机场,SAN DIEGO,圣迭戈,圣地亚哥
CLD,卡尔斯巴德机场 ,CARLSBAD,卡尔斯巴德,圣地亚哥
DEN,丹佛国际机场,DENVER,丹佛机场,丹佛
SLC,盐湖城国际机场,SALT LAKE CITY,盐湖城,盐湖城
IAH,乔治布什国际机场    ,GEORGE BUSH INTERCON,洲际,休斯敦
MIA,迈阿密国际机场,MIAMI,迈阿密,迈阿密
BOS,波斯顿机场,LOGAN,波斯顿,波士顿
ATL,亚特兰大国际机场,HARTSFIELD-JACKSON A,哈特菲尔德,亚特兰大
DFW,达拉斯机场,DALLAS/FT. WORTH,达拉斯,达拉斯
EDI,爱丁堡机场,EDINBURGH,爱丁堡,爱丁堡
BCN,巴塞罗那机场,BARCELONA,巴塞罗那,巴塞罗那
CGN,科隆机场,KOELN/BONN,科隆/波恩,科隆
QKL,科隆火车站,COLOGNE RAILWAY STAT,科隆,科隆
ATH,埃勒弗瑟里奥斯挽韦尼泽罗斯国际机场 ,ELEFTHERIOS VENIZELO,埃勒弗瑟里奥斯挽韦尼泽罗斯,雅典
MRS,马赛机场,MARSEILLE,马赛,马赛
LYS,里昂机场,LYON SATOLAS,里昂,里昂
XYD,里昂帕特挽迪尤火车站,LYON PART-DIEU RAIL ,里昂帕特挽迪尤,里昂
GRX,格拉纳达机场,GRANADA,格拉纳达,格拉纳达
KHH,高雄国际机场,KAOHSIUNG,高雄,中国高雄
MAN,曼彻斯特机场,MANCHESTER,曼彻斯特,曼彻斯特
DPS,登巴萨国际机场,NGURAH RAI,登巴沙,巴厘岛
BOM,孟买机场,MUMBAI,孟买,孟买
HKT,普吉国际机场,PHUKET,普吉,普吉岛
CNS,凯恩斯机场,CAIRNS,凯恩斯,凯恩斯
LXR,卢克索机场,LUXOR,卢克索,卢克索
ASW,阿斯旺机场,ASWAN,阿斯旺,阿斯旺
DAC,达卡机场,ZIA,达卡,达卡
UKY,京都机场,KYOTO,京都,京都
KOJ,鹿儿岛机场,KAGOSHIMA,鹿儿岛,鹿儿岛
CJJ,清州机场,CHEONGJU,清州,清州
CJU,济州岛,JEJU,济州岛,济州岛
KWJ,光州机场,GWANGJU,光州,光州
SZG,萨尔斯堡机场,W. A. MOZART,萨尔斯堡,萨尔茨堡
BDO,侯赛因萨斯特雷纳加拉,HUSEIN SASTRANEGARA,侯赛因萨斯特雷纳加拉,万隆
JOG,阿迪苏特吉普托机场,ADISUTJIPTO,阿迪苏特吉普托,日惹
SHJ,沙迦机场,SHARJAH,沙迦,沙迦
LXI,林西机场,LINXI,林西,林西
LHK,光化机场,GUANGHUA,光化,光化
GHN,广汉机场,GUANGHAN,,广汉
ANC,安克雷奇国际机场,ANCHORAGE,安克雷奇,安克雷奇
GUM,关岛机场,A.B. WON PAT,关岛,关岛
AMD,艾哈迈达巴德机场,AHMEDABAD,艾..机场,艾哈迈达巴德
CCU,加尔各答机场,NETAJI SUBHAS CHANDR,加尔各答,加尔各答
HNL,火奴鲁鲁国际机场,HONOLULU,火奴鲁鲁,夏威夷・火奴鲁鲁
YMQ,蒙特利尔机场,METROPOLITAN AREA,蒙特利尔,蒙特利尔
YMX,米拉贝尔机场,MIRABEL,米拉贝尔,蒙特利尔
YUL,杜鲁道国际机场,PIERRE ELLIOTT TRUDE,杜鲁道,蒙特利尔
YOW,渥太华国际机场,OTTAWA,阿波兰兹,渥太华
YYC,卡尔加里机场,CALGARY,卡尔加里,卡尔加里
DUS,杜塞尔多夫机场,DUSSELDORF,杜塞尔多夫,杜塞尔多夫
HAM,汉堡机场,FUHLSBUETTEL,富尔斯布泰,汉堡
NUE,纽伦堡机场,METROPOLITAN AREA,纽伦堡,纽伦堡
STR,斯图加特机场,ECHTERDINGEN,斯图加特,斯图加特
AUH,阿布扎比国际机场,ABU DHABI,阿布扎比,阿布扎比
BEL,瓦尔德坎斯机场,VAL DE CANS,瓦尔德坎斯,贝伦
GIG,里约热内卢,INTERNACIONAL,里约热内卢,里约热内卢
MVD,蒙得维的亚Carrasco,CARRASCO,亚卡拉斯科,蒙得维的亚
PIT,匹兹堡机场,PITTSBURGH,匹兹堡,匹兹堡
BIO,毕尔巴鄂机场,BILBAO,毕尔巴鄂,毕尔巴鄂
VLL,巴利阿多里德机场,VALLADOLID,巴..机场,巴利阿多里德
SCQ,圣地亚哥科波泰拉机场,SANTIAGO DE COMPOSTE,圣地亚哥德,圣地亚哥德
NCE,尼斯机场,COTE D'AZUR,尼斯,尼斯
BOD,波尔多机场,BORDEAUX,波尔多,波尔多
BFS,贝尔法斯特机场,BELFAST,贝尔法斯特,贝尔法斯特
BHD,贝尔法斯特市机场,BELFAST CITY,贝尔法斯特市,贝尔法斯特
JER,泽西States机场,STATES,泽西,泽西
GCI,根西岛机场,GUERNSEY,根西岛,根西岛
GLA,格拉斯哥机场,GLASGOW,格拉斯哥,格拉斯哥
ODE,欧登塞Beldringe机场,BELDRINGE,欧登塞,欧登塞
KAN,卡诺机场,AMINU KANO,卡诺,卡诺
LOS,拉各斯机场,MURTALA MUHAMMED,拉各斯,拉各斯
PHC,哈科特港机场,PORT HARCOURT,哈科特港,哈科特港
MRU,毛里求斯机场,S. SEEWOOSAGUR RAM.,毛里求斯,毛里求斯
VNO,维尔纽斯机场,VILNIUS,维尔纽斯,维尔纽斯
SVG,斯塔万格机场,SOLA,斯塔万格,斯塔万格
TIJ,罗德里格兹机场,RODRIGUEZ,蒂华纳,提华纳
RUH,利雅得机场,KING KHALED,利雅得,利雅得
TIP,的黎波里机场,TRIPOLI,的黎波里,的黎波里
NAN,南迪国际机场,Nadi International A,南迪,楠迪
SOF,索非亚机场,VRAZHDEBNA,索非亚,索非亚
KBL,喀布尔机场,KHWAJA RAWASH,喀布尔,喀布尔
KIN,金斯敦机场,NORMAN MANLEY,金斯敦,金斯敦
KLU,克拉根福机场,KLAGENFURT,克拉根福,克拉根福特
LAQ,拜达机场,LA BRAQ,拜达,拜达
LED,圣彼得堡机场,PULKOVO,圣彼得堡,圣彼得堡
LHE,拉合尔机场,ALLAMA IQBAL,拉合尔,拉合尔
HKD,函馆机场,HAKODATE,函馆,函馆
JED,吉达机场,KING ABDULAZIZ,吉达,吉达
DHA,宰赫兰机场,DHAHRAN METROPOLITAN,宰赫兰,宰赫兰
DUB,都柏林机场,DUBLIN,都柏林,都柏林
GOT,哥德堡机场,LANDVETTER,哥德堡,哥德堡
GRZ,格拉兹机场,THALERHOF,格拉兹,格拉茨
BSL,巴塞尔机场,EURO SWISS,巴塞尔,巴塞尔
BUE,布宜诺斯艾利斯机场,METROPOLITAN AREA,艾利斯,布宜诺斯艾利斯
AEP,乔治纽博利机场,JORGE NEWBERY AIRPOR,乔治纽博利,布宜诺斯艾利斯
EZE,米尼斯特罗皮斯塔里尼,MINISTRO PISTARINI,米尼斯特罗皮斯塔里,布宜诺斯艾利斯
CAS,卡萨布兰卡机场,ANFA,卡萨布兰卡,卡萨布兰卡
CMN,穆罕默德机场,MOHAMED V,穆罕默德,卡萨布兰卡
CMB,科伦坡国际机场,BANDARANAYAKE,科隆坡,科伦坡
CBM,科伦坡机场,COLUMBUS AIR FORCE B,科伦坡,科伦坡
CCS,加拉加斯机场,SIMON BOLIVAR,加拉加斯,加拉加斯
CUN,坎昆机场,CANCUN,坎昆,坎昆
CUZ,库斯科机场,VELAZCO ASTETE,库斯科,库斯科
DAR,达累斯萨拉姆机场,DAR ES SALAAM,斯萨拉姆,达累斯萨拉姆
LNZ,林茨机场,HOERSCHING,林茨,林茨
LUN,卢萨卡机场,LUSAKA,卢萨卡,卢萨卡
LYP,费萨拉巴德机场,FAISALABAD,费萨拉巴德,费萨拉巴德
MBA,蒙巴萨Moiintl机场,MOI,蒙巴萨莫伊,蒙巴萨
ASU,亚松森机场,SILVIO PETTIROSSI,亚松森,亚松森
BEN,班加西Benina机场,BENINA,班加西,班加西
BGO,卑尔根Flesland机场,FLESLAND,卑尔根,卑尔根
BGW,巴格达机场,AL MUTHANA,巴格达,巴格达
BOG,波哥大Eldorado机场,ELDORADO,波哥大,波哥大
NBO,内罗毕机场,JOMO KENYATTA,内罗毕,内罗毕
OPO,波尔图机场,PORTO,波尔图,波尔图
OSL,奥斯陆机场,OSLO AIRPORT,奥斯陆,奥斯陆
PAP,太子港机场,MAIS GATE,太子港,太子港
PEW,白沙瓦机场,PESHAWAR,白沙瓦,白沙瓦
PTY,巴拿马城Tocumen机场,TOCUMEN,巴拿马城,巴拿马城
KEF,雷克雅未克国际机场,KEFLAVIK,雷克雅未克,雷克亚未克
ORK,科克机场,CORK,科克,科克
BRN,伯尔尼机场,BELP,伯尔尼,伯尔尼
BEY,贝鲁特国际机场,BEIRUT,贝鲁特,贝鲁特
LIM,利马国际机场,J CHAVEZ,利马,利马
BRS,布里斯托尔机场,BRISTOL,布里斯托尔,布里斯托尔
DAM,大马士革国际机场,DAMASCUS,大马士革,大马士革
FAO,法鲁机场,FARO,法鲁,法鲁
GUA,危地巴拉城机场,LA AURORA,危地巴拉城,危地马拉城
LAD,罗安达机场,4 DE FEVEREIRO,罗安达,罗安达
WLG,惠灵顿国际机场,WELLINGTON,惠灵顿,惠灵顿
MDK,姆班达卡机场,MBANDAKA,姆班达卡,姆班达卡
FIH,金沙萨机场,N'DJILI,金沙萨,金沙萨
FKI,基桑加尼机场,KISANGANI,基桑加尼,基桑加尼
JIB,安伯里机场,AMBOULI AIRPORT,安伯里,吉布提
HRE,哈拉雷机场,HARARE,哈拉雷,哈拉雷
SAH,萨那机场,SANA'A,萨那,萨那
SCL,阿图罗梅里诺博尼特兹,ARTURO MERINO BENITE,圣地亚哥,圣地亚哥
MCT,马斯卡特机场,SEEB,马斯卡特,马斯喀特
MSQ,明斯克机场,MINSK  2,明斯克,明斯克
DKR,约夫机场,YOFF,,达喀尔
GBE,塞雷策卡马爵士国际机,SIR SERETSE KHAMA,塞雷策卡马爵士,哈博罗内
UIO,马里斯卡尔苏克雷机场,MARISCAL SUCRE,马里斯卡尔苏克雷,基多
POM,杰克逊机场,JACKSON FIELD,杰克逊,泊特莫尔斯比港
LCA,拉纳卡机场,LARNACA,拉纳卡,拉纳卡(拉纳克斯)
WDH,霍希库塔科国际机场,HOSEA KUTAKO,霍希库塔科,温德和克
MPM,马普托国际机场,MAPUTO,马普托,马普托
NIM,尼亚美机场,NIAMEY,尼亚美,尼亚美
SWA,揭阳潮汕机场,JIEYANG,潮汕,揭阳
LLF,零陵机场,LING LING,零陵,永州
NZH,西郊机场,MANZHOULI,西郊,满洲里
PZI,保安营机场,PAN ZHI HUA BAO AN Y,保安营,攀枝花
WUA,乌海机场,WU HAI,,乌海
ACX,兴义机场,XINGYI,,兴义
AEB,百色机场,BAIS,,百色
JIC,金昌金川机场,JINCHUAN AIRPORT,,金昌
KIJ,新泻机场,NIIGATA,新泻,新泻
NAH,那霸机场,NAHA,那霸,那霸
TKS,德岛机场,TOKUSHIMA,德岛,德岛
KCZ,高知机场,KOCHI,高知,高知
ISG,石垣机场,ISHIGAKI,石垣,石垣
FSZ,静冈机场,SHIZUOKA,静冈,静冈
RNO,里诺坎农国际机场,RENO/TAHOE,里诺坎农,里诺
ELP,埃尔帕索国际机场,EL PASO,埃尔帕索,埃尔帕索
AUS,奥斯汀机场,AUSTIN-BERGSTROM,奥斯汀,奥斯汀
MKE,米切尔国际机场,GENERAL MITCHELL,米切尔,密尔沃基
MCI,堪萨斯城国际机场,KANSAS CITY,堪萨斯城,堪萨斯城
STL,圣路易斯国际机场,LAMBERT-ST. LOUIS,兰姆伯特,圣路易斯
CVG,辛辛那提国际机场,CINCINNATI/NORTHERN ,辛辛那提,辛辛那提
CLE,霍普金斯机场,HOPKINS,克利夫兰,克利夫兰
MSY,新奥尔良莫桑国际机场,LOUIS ARMSTRONG,莫桑,新奥尔良
MCO,奥兰多国际机场,ORLANDO,奥兰多,奥兰多
EYW,基韦斯特国际机场,KEY WEST,基韦斯特,基韦斯特
PHL,费城国际机场,PHILADELPHIA,费城,费城
SBA,圣巴巴拉机场,SANTA BARBARA MUNICI,圣巴巴拉,圣巴巴拉
TUS,图森国际机场,TUCSON,图森,图森
SAT,圣安东尼奥机场,SAN ANTONIO,圣安东尼奥,圣安东尼奥
ABZ,阿伯丁机场,DYCE,阿伯丁,阿伯丁
NQT,诺丁汉机场,NOTTINGHAM,诺丁汉,诺丁汉
YNZ,南洋国际机场,YANCHENG,南洋,盐城
MLE,马累机场,MALE,马累,马累
OOL,黄金海岸机场,COOLANGATTA,黄金海岸,黄金海岸
DAY,詹姆斯考克斯代顿国,JAMES COX DAYTON,詹姆斯考克斯代顿国,代顿
ADB,伊兹密尔机场,ADNAN MENDERES,伊兹密尔,伊兹密尔
AYT,安塔利亚机场,ANTALYA,安塔利亚,安塔利亚
ESB,埃森博卡机场,ESENBOGA,埃森博卡,安卡拉
LGK,兰卡威机场,LANGKAWI,兰卡威,兰卡威
TEN,铜仁大兴机场,TONGREN,大兴,铜仁
USM,苏梅岛机场,KOH SAMUI,苏梅岛,苏梅岛
LIS,里斯本机场,LISBOA,波泰拉,里斯本
MEM,孟菲斯机场,MEMPHIS,孟菲斯,孟菲斯
MAA,金奈机场,CHENNAI,金奈,金奈
LNJ,临沧机场,LINCANG,,临沧
SPN,塞班机场,SAIPAN,塞班,塞班
MSP,SAINT PAUL INTL机场,ST PAUL,圣保罗,明尼阿波利斯
CEB,宿雾机场,MACTAN,宿雾,宿雾
BLQ,博洛尼亚机场,GUGLIELMO MARCONI,博洛尼亚,博洛尼亚
CMH,哥伦布机场,PORT COLUMBUS,哥伦布,哥伦布
YHZ,哈里法克斯机场,HALIFAX,哈里法克斯,哈里法克斯
ADL,阿德来德机场,ADELAIDE,阿德来德,阿德莱德
SUB,泗水机场,JUANDA,泗水,泗水
YEG,埃德蒙顿国际机场 ,EDMONTON,埃德蒙顿,埃德蒙顿
HAJ,汉诺威机场,HANOVER,汉诺威,汉诺威
KUA,关丹机场,KUANTAN,关丹,关丹
SJO,胡安圣玛利亚国际机场,JUAN SANTAMARIA,胡安圣玛利亚,圣何塞
TGU,特古西加尔巴机场,TONCONTIN AIRPORT,特古西加尔巴,特古西加尔巴
ACA,阿卡普尔科国际机场,ALVAREZ INTERNATIONA,阿卡普尔科,阿卡普尔科
GDL,米盖尔伊达尔戈机场,MIGUEL HIDAL,米盖尔希达尔,瓜达拉哈拉
LPB,阿尔托机场,EL ALTO AIRPORT,阿尔托,拉巴斯
BSB,巴西利亚国际机场,BRASILIA INTERNATION,巴西利亚国际,巴西利亚
MAO,埃杜阿多戈梅斯机场,EDUARDO GOMES INTERN,埃杜阿多戈梅斯,马瑙斯
REC,瓜拉拉佩斯国际机场,GUARARAPES,瓜拉拉佩斯,累西腓
NAP,那不勒斯机场,NAPLES,那不勒斯,那不勒斯
TRN,都灵机场,CITTA DI TORINO,都灵,都灵
MLA,马耳他机场,LUQA,马耳他,马耳他
LJU,卢布尔雅那机场,BRNIK,卢布尔雅那,卢布尔雅那
PMI,帕尔马马拉尔克机场,PALMA MALLORCA,帕尔马马拉尔克,帕尔马
AGP,马拉加机场,MALAGA,马拉加,马拉加
BHN,伯明翰机场,BEIHAN,伯明翰,伯明翰
BHX,伯明翰机场,BIRMINGHAM,伯明翰,伯明翰
ALG,阿尔及尔机场,HOUARI BOUMEDIENE,阿尔及尔,阿尔及尔
DLA,杜阿拉机场,DOUALA,杜阿拉,杜阿拉
LBV,利伯维尔机场,LIBREVILLE,利伯维尔,利伯维尔
ACC,阿克拉机场,KOTOKA,阿克拉,阿克拉
CKY,科纳克里机场,CONAKRY,科纳克里,科纳克里
MLW,斯普里格－佩纳机场 ,SPRIGG PAYNE,,蒙罗维亚
ROB,罗伯茨国际机场 ,ROBERTS,,蒙罗维亚
KGL,格雷格尔凯伊班达机场,GREGOIRE KAYIBANDA,格雷格尔凯伊班达,基加利
DUR,路易斯波萨机场,LOUIS BOTHA AIRPORT,路易斯波萨,德班
VIR,维吉尼亚机场,VIRGINIA,,德班
KRT,喀土穆机场,CIVIL,喀土穆,喀土穆
TUN,突尼斯机场,CARTHAGE,突尼斯,突尼斯
EBB,恩德培机场,ENTEBBE,恩德培,恩德培
AMM,阿里亚皇后国际机场,QUEEN ALIA,阿里亚皇后,安曼
OMS,鄂姆斯克机场,OMSK AIRPORT,鄂姆斯克,鄂木斯克
OIT,大分机场,OITA,大分,大分
TAE,大丘机场,DAEGU,大丘,大邱
PRG,布拉格机场,PRAGUE-RUZYNE,布拉格,布拉格
NCL,纽卡斯尔机场,NEWCASTLE,纽卡斯尔,纽卡斯尔
JAX,杰克逊威尔机场,JACKSONVILLE,杰克逊威尔,杰克逊威尔
IND,印第安纳波利斯,INDIANAPOLIS,波利斯,印第安纳波利斯
SDF,路易斯威尔,STANDIFORD FIELD,路易斯威尔,路易斯威尔
ALC,阿里坎特机场,ALICANTE,阿里坎特,阿利坎特
MPL,蒙彼利埃机场,MEDITERRANEE,蒙彼利埃,蒙彼利埃
MME,达勒姆提斯瓦雷机场,DURHAM TEES VALLEY,达勒姆提斯瓦雷,达勒姆提斯瓦雷
LEJ,莱比锡机场,LEIPZIG/HALLE,莱比锡,莱比锡
DUD,达尼丁机场,DUNEDIN,达尼丁,达尼丁
BUF,水牛城,BUFFALO NIAGARA,水牛城,布法罗
WNH,文山普者黑机场,PUZHEHEI,普者黑,文山
KRK,克拉克夫机场,J. PAUL II BALICE,克拉克夫,克拉特夫
OVD,阿斯图里亚斯机场,ASTURIAS,阿斯图里亚斯,阿斯图里亚斯
PSA,比萨机场,GAL GALILEI,比萨,比萨
SJJ,布特米尔机场,BUTMIR,布特米尔,萨拉热窝
SVQ,塞维利亚机场,SEVILLA,塞维利亚,塞维利亚
VLC,瓦伦西亚机场,VALENCIA,瓦伦西亚,瓦伦西亚
TIA,提拉纳机场,RINAS,提拉纳,提拉纳
ECN,厄尔坎机场,ERCAN AIRPORT,厄尔坎,埃阿坎
SXB,恩特扎姆机场,ENTZHEIM,恩特扎姆,斯特拉斯堡
XER,斯特拉斯堡巴士车站,STRASBOURG BUS STATI,,斯特拉斯堡
BLR,班加罗尔机场,HINDUSTAN,班加罗尔,班加罗尔
DAD,岘港机场,DA NANG,岘港,岘港
CGP,吉大港机场,PATENGA,吉大港,吉大港
BRE,不来梅机场,BREMEN,不来梅,不来梅
TLS,吐鲁兹机场,BLAGNAC,布拉格纳,图卢兹
TRV,提鲁瓦南萨普拉姆国际,TRIVANDRUM,提鲁瓦南萨普拉姆,提鲁瓦南萨普拉姆
HYD,海得拉巴机场,BEGUMPET,海得拉巴,海得拉巴
COK,库奇机场,KOCHI,库奇,库奇
REP,暹粒机场,SIEM REAP,吴哥窟,暹粒
AOR,亚罗士打机场,ALOR SETAR,亚罗士打,亚罗士打
JHB,新山机场,SULTAN ISMAIL,新山,新山
KBR,蓬卡兰切帕机场,PENGKALAN CHEPA AIRP,蓬卡兰切帕,哥打巴鲁
BPN,塞平甘机场,SEPINGAN,塞平甘,巴里巴班
MDC,万鸦老机场,SAMRATULANGI,万鸦老,万鸦老
MES,棉兰机场,POLANIA,棉兰,棉兰
LDU,拉哈达图机场,LAHAD DATU AIRPORT,拉哈达图,拉哈达图
SDK,山打根机场,SANDAKAN,山打根,山打根
BTU,民都鲁机场,BINTULU,,民都鲁
KCH,古晋机场,KUCHING,古晋,古晋
LBU,拉布安岛机场,LABUAN,拉布安岛,拉布安
TWU,斗湖机场,TAWAU,斗湖,斗湖
SBW,泗务机场,SIBU,泗务,泗务
BKI,哥打京那巴鲁机场,KOTA KINABALU,基纳巴卢,哥打京那巴鲁
TRS,里雅斯特机场,DEI LEGIONARI,里雅斯特,的里雅斯特
ABE,阿伦敦机场,LEHIGH VALLEY,阿伦敦,阿伦敦
SNA,圣塔安娜机场,JOHN WAYNE,圣塔安娜,圣塔安那
MSN,麦迪逊机场,DANE COUNTY REGIONAL,麦迪逊,麦迪逊
YLW,科罗纳机场,KELOWNA,科罗纳,基洛纳
TPA,坦帕机场,TAMPA,坦帕,坦帕
GEG,斯博肯机场,SPOKANE,斯博肯,斯波坎
DOH,多哈机场,DOHA,多哈,多哈
LEX,莱克星顿机场,BLUE GRASS,莱克星顿,莱克星顿
YFC,弗雷德里克顿机场,FREDERICTON,弗..机场,弗雷德里克顿
BTM,波由特机场,BUTTE,波由特,波由特
KBV,甲米机场,KRABI,甲米,甲米
RDU,罗利机场,RALEIGH/DURHAM,罗利,罗利
KEL,基尔机场,HOLTENAU,基尔,基尔
KTW,卡托维茨机场,PYRZOWICE,卡托维茨,卡托维茨
DTM,多特蒙德机场,DORTMUND,多特蒙德,多特蒙德
DRS,德雷斯顿,DRESDEN,德雷斯顿,德雷斯顿
FDH,腓特烈港机场,FRIEDRICHSHAFEN,腓特烈港,腓特烈港
FMO,蒙斯特机场,MUENSTER,蒙斯特,蒙斯特
ABG,奥格斯堡机场,ABINGDON,奥格斯堡,奥格斯堡
PAD,帕特泊恩机场,PADERBORN,帕特泊恩,帕特泊恩
SKG,萨罗尼奇机场,MAKEDONIA,萨罗尼奇,萨罗尼奇
ZAG,萨格勒布机场,PLESO,萨格勒布,萨格勒布
CTA,卡塔尼亚机场,FONTANAROSSA,卡塔尼亚,卡塔尼亚
VRN,维罗纳机场,VERONA,维罗纳,维罗纳
ORF,诺福克机场,NORFOLK,诺福克,诺福克
COS,科罗拉多斯普林机场,PETERSON FIELD,斯普林,科罗拉多斯普林
OMA,奥马哈机场,EPPLEY AIRFIELD,奥马哈,奥马哈
CAE,哥伦比亚机场,COLUMBIA METROPOLITA,哥伦比亚,哥伦比亚
RMI,里米尼机场,MIRAMARE,里米尼,里米尼
AOI,安科纳机场,FALCONARA,安科纳,安科纳
BRI,巴里机场,PALESE,巴里,巴里
CAG,卡利亚里机场,ELMAS,卡利亚里,卡利亚里
GOA,热那亚机场,CRISTOFORO COLOMBO,热那亚,热那亚
YWG,温尼伯机场,WINNIPEG,温尼伯,温尼伯
OAK,奥克兰机场,METROPOLITAN OAKLAND,奥克兰,奥克兰
DSM,德梅因机场,DES MOINES,德梅因,得梅因
MLI,莫林机场,QUAD-CITY,莫林,莫林
OKC,阿克拉河马城机场,WILL ROGERS,阿克拉河马,俄克拉何马城
AAL,奥尔堡机场,AALBORG,奥尔堡,奥尔堡
YXE,萨斯卡通机场,SASKATOON,萨斯卡通,萨斯卡通
HBA,霍巴特机场,HOBART,霍巴特,霍巴特
WRO,弗罗茨瓦夫机场,STRACHOWICE,弗罗茨瓦夫,弗罗茨瓦夫
BNJ,波恩机场,BONN - OFF-LINE POIN,波恩,波恩
INN,因斯布鲁克机场,KRANEBITTEN,因斯布鲁克,因斯布鲁克
PDG,塔宾机场,TABING AIRPORT,塔宾机场,巴东
DVO,达沃机场,MATI,达沃,达沃
CLT,道格拉斯机场,DOUGLAS,道格拉斯,夏洛特
BWI,巴尔的摩,BALT./WASH.,华盛顿,巴尔的摩
GDN,格但斯克机场,REBIECHOWO,格但斯克,格但斯克
LIL,里尔机场,LESQUIN,里尔,里尔
POZ,波兹南机场,LAWICA,波兹南,波兹南
NWI,诺维奇机场,NORWICH,诺维奇,诺维奇
BHM,伯明翰机场,BIRMINGHAM,伯明翰,伯明翰
PLM,巨港机场,MAHMUD BADARUDDIN II,巨港,巨港
SOC,阿迪苏马尔默机场,ADI SUMARMO,阿迪苏马尔默,梭罗
TRU,特鲁希略机场,TRUJILLO,特鲁希略,特鲁希略
RNS,雷恩机场,ST JACQUES,雷恩,雷恩 
CWL,加帝夫机场,CARDIFF-WALES,加帝夫,加帝夫
KRS,凯捷维克机场,KJEVIK,凯捷维克,克里斯蒂安桑
KKC,孔敬机场,KHON KAEN,孔敬,孔敬
UTH,乌隆机场,UDON THANI,乌隆,乌隆
URT,万伦机场,SURAT THANI,万伦,万伦
HDY,合艾机场,HAT YAI,合艾,合艾
TST,董里机场,TRANG,董里河,董里
GYE,瓜亚基尔机场,SIMON BOLIVAR,瓜亚基尔,瓜亚基尔
NTE,大西洋机场,NANTES ATLANTIQUE,南特,南特
PKG,邦咯岛机场,PANGKOR,邦咯岛,邦咯岛
SRG,三宝拢机场,ACHMAD UANI,三宝拢,三宝拢
HBE,博格埃尔阿拉伯机场,BORG EL ARAB,博格埃尔阿拉伯,亚历山大
ALY,亚历山大机场,EL NOHZA,亚历山大,亚历山大
YIE,伊尔施机场,YIERSHI AIRPORT,伊尔施机场,阿尔山
MYJ,松山机场,MATSUYAMA,松山,松山
LLB,荔波机场,LIBO,,荔波
BLL,比隆机场,BILLUND,毕朗机动,比隆
AJA,阿雅克肖机场,CAMPO DELL ORO,阿雅克肖,阿雅克肖
AVN,阿维尼翁机场,AVIGNON-CAUM,阿维尼翁,亚维侬
BIA,巴斯蒂亚机场,PORETTA,巴斯蒂亚,巴斯蒂亚
BIQ,比亚里茨机场,BIARRITZ PARME,比亚里茨,比亚里茨
CFE,克莱蒙费朗机场,AULNAT,克莱蒙费朗,克莱蒙费朗
CLY,卡尔维机场,SAINTE CATHERINE,卡尔维,卡尔维
ETZ,梅兹南希机场,METZ-NANCY-LORRAINE,梅兹南希,梅兹南希
GNB,格勒诺布尔机场,SAINT GEOIRS,格勒诺布尔,格勒诺布尔
LAI,拉尼永机场,SERVEL,拉尼永,拉尼永
LRT,洛里昂机场,LANN BIHOUE,洛里昂,洛里昂
MLH,米卢斯机场,EURO FRENCH,米卢斯,米卢斯
NCY,安奈斯机场,ANNECY-MEYTHET,安奈斯,安奈斯
PGF,佩皮尼扬机场,LLABANERE,佩皮尼扬,佩皮尼扬
PUF,乌兹恩机场,UZEIN,波城,波城
RDZ,罗德兹机场,MARCILLAC,罗德兹,罗德兹
TLN,土伦机场,HYERES,土伦,土伦
INV,因纹内丝机场,INVERNESS,因纹内丝,因佛内斯
EIN,爱因霍温机场,EINDHOVEN,爱因霍温,爱因霍温
HUY,汉伯塞机场,HUMBERSIDE,汉伯塞,汉伯塞
LBA,利兹机场,LEEDS/BRADFORD,利兹,利兹
TRD,特隆赫姆机场,VAERNES,特隆赫姆,特隆赫姆
TRF,山达霍得机场,SANDEFJORD,山达霍得,奥斯陆
PEE,彼尔姆机场,PERM,彼尔姆,彼尔姆
TLL,塔林机场,ULEMISTE,塔林,塔林
ANE,昂热机场,ARVILLE,昂热,昂热
BES,布雷斯特机场,GUIPAVAS,布雷斯特,布雷斯特
LIG,利摩日机场,BELLEGARDE,利摩日,利摩日
LME,勒芒机场,ARNAGE,勒芒,勒芒
PIS,普瓦捷机场,BIARD,普瓦捷,普瓦捷
UIP,坎佩尔机场,PLUGUFFAN,坎佩尔,坎佩尔
VGO,维哥机场,VIGO,维哥,维哥
YYJ,维多利亚国际机场,VICTORIA,维多利亚,维多利亚
PUE,奥瓦尔迪亚港机场,PUERTO OBALDIA,奥瓦尔迪亚,奥瓦尔迪亚港
ADA,阿达那机场,ADANA,阿达那,阿达那
DLM,达拉曼机场,DALAMAN,达拉曼,达拉曼
VAN,凡城机场,VAN,凡城,凡城
SFQ,萨利乌尔法机场,SANLIURFA,萨利乌尔法,萨利乌尔法
MLX,马拉提亚机场,MALATYA,马拉提亚,马拉提亚
GZT,奥古兹利机场,GAZIANTEP,加济安泰普,加济安泰普
ERZ,俄祖汝穆机场,ERZURUM,俄祖汝穆,俄祖汝穆
DIY,迪亚巴克尔机场,DIYARBAKIR,迪亚巴克尔,迪亚巴克尔
ASR,开塞利机场,KAYSERI,开塞利,开塞利
KYA,科尼亚机场,KONYA,科尼亚,科尼亚
SZF,萨姆松机场,CARSAMBA,萨姆松,萨姆松
TZX,特拉布宗机场,TRABZON,特拉布宗,特拉布宗
BJV,博德鲁姆机场,MILAS,博德鲁姆,博德鲁姆
DNZ,代尼兹利机场,CARDAK,代尼兹利,代尼兹利
EDO,埃德米特机场,EDREMIT/KORFEZ,埃德米特,埃德米特
TUF,图尔斯机场,ST SYMPHORIEN,图尔斯,图尔斯
ACE,兰萨罗特机场,LANZAROTE,兰萨罗特,兰萨罗特
IBZ,伊比萨机场,IBIZA,伊比萨,伊比萨
KZN,喀山机场,KAZAN,喀山,喀山
LEH,勒阿弗尔机场,OCTEVILLE,勒阿弗尔,勒阿弗尔
MAH,梅诺卡机场,MAHON,梅诺卡,梅诺卡
TCL,塔斯卡卢萨机场,VAN DE GRAAF,塔斯卡卢萨,塔斯卡卢萨
TCI,特内里费机场,METROPOLITAN AREA,特内里费,特内里费
TFN,诺特罗斯罗德奥斯机场,NORTE LOS RODEOS AIR,诺特罗斯罗德奥斯,特内里费
TFS,苏尔雷纳索菲亚机场,SUR REINA SOFIA,苏尔雷纳索菲亚,特内里费
HUI,普拜机场,PHU BAI,普拜,顺化
NHA,芽庄机场,NHA TRANG,芽庄,芽庄
KLO,卡利博机场,KALIBO,卡利博,卡利博
KMI,宫崎机场,MIYAZAKI,宫崎,宫崎
UUS,南萨哈林斯克机场,YUZHNO-SAKHALINSK,南..机场,南萨哈林斯克
BOI,博伊西机场,BOISE AIR TERMINAL (,博伊西,博伊西
GOJ,高尔基,NIZHNIY NOVGOROD,高尔基,下诺夫哥罗德
IVL,伊伐洛机场,IVALO,伊伐洛,伊伐洛
JOE,约恩苏机场,JOENSUU,约恩苏,约恩苏
JYV,于伐斯居拉机场,JYVASKYLA,于伐斯居拉,于伐斯居拉
KAJ,卡尼亚机场,KAJAANI,卡尼亚,卡尼亚
KAO,库萨莫机场,KUUSAMO,库萨莫,库萨莫
KOK,科科拉机场,KRUUNUPYY,科科拉,科科拉
KTT,基蒂拉机场,KITTILA,基蒂拉,基蒂拉
KUO,库奥皮欧机场,KUOPIO,库奥皮欧,库奥皮欧
MHQ,玛丽港机场,MARIEHAMN,玛丽港,玛丽港
OUL,奥卢机场,OULU,奥卢,奥卢
RVN,罗瓦涅米机场,ROVANIEMI,罗瓦涅米,罗凡涅米
TKU,图尔库机场,TURKU,图尔库,图尔库
TMP,坦佩雷机场,TAMPERE-PIRKKALA,坦佩雷,坦佩雷
VAA,瓦萨机场,VAASA,瓦萨,瓦萨
SKO,索科托机场,SOKOTO,索科托,索科托
KMQ,小松机场,KOMATSU,小松,小松
JJN,泉州晋江机场,QUANZHOU,泉州,泉州
PIX,皮克岛机场,PICO ISLAND,皮克岛,皮克岛
ROT,罗托鲁阿机场,ROTORUA,罗托鲁阿,罗托鲁瓦
NAR,纳雷机场,NARE,纳雷,纳雷
ACH,阿尔滕莱茵,ALTENRHEIN,阿尔滕莱茵,阿尔滕莱茵
KSC,科希策机场,BARCA,科希策,科希策
PRN,普里什蒂纳机场,PRISTINA,普里什蒂纳,普里什蒂纳
TSR,蒂米什瓦拉机场,TIMISOARA,蒂米什瓦拉,蒂米什瓦拉
TOD,刁曼机场  ,TIOMAN,刁曼机场,刁曼
TCZ,腾冲机场,TENG CHONG,驼峰,腾冲
JAC,杰克逊霍勒机场,JACKSON HOLE,杰克逊霍勒,杰克逊
BUR,鲍勃霍普机场,BOB HOPE AIRPORT,鲍勃霍普,伯班克
BIL,比灵斯机场,BILLINGS,比灵斯,比灵斯
ABQ,阿尔伯克基国际机场,ALBUQUERQUE,阿尔伯克基,阿尔伯克基
HDN,亚姆帕瓦雷机场,YAMPA VALLEY AIRPORT,亚姆帕瓦雷,海登
ICT,米德康提嫩特机场,MID-CONTINENT,,威奇托市
TUL,塔尔萨国际机场,TULSA,塔尔萨,塔尔萨
GRR,肯特郡国际机场,KENT COUNTY,肯特郡,大急流城
ROC,罗切斯特机场,MONROE COUNTY,罗切斯特,罗切斯特
OGG,卡胡卢伊机场,KAHULUI, 卡胡卢伊（茂宜）,卡胡卢伊
KOA,科纳机场,KEAHOLE,科纳,科纳
ALB,奥尔巴尼国际机场,ALBANY,奥尔巴尼,奥尔巴尼
SCE,大学公园机场,UNIVERSITY PARK,大学公园,斯泰特科利奇
MDT,哈里斯堡国际机场,HARRISBURG,哈里斯堡,哈里斯堡
RIC,里士满国际机场,RICHMOND   (BYRD FIE,里士满,里士满
RSW,西南佛罗里达地区机场,SOUTHWEST FLORIDA RE,西南佛罗里达地区,迈尔斯堡
FMY,佩吉机场,PAGE FIELD,佩吉,迈尔斯堡
PBI,西棕榈滩国际机场,WEST PALM BEACH,西棕榈滩,西棕榈滩
FLL,劳德代尔机场,FT. LAUDERDALE,劳德代尔,劳德代尔
HFD,布莱纳德机场,BRAINARD,布莱纳德,哈特福德
BDL,布莱德雷国际机场,BRADLEY,布莱德雷,哈特福德
MHT,曼彻斯特地方机场,MANCHESTER MUNICIPAL,曼彻斯特,曼彻斯特
PVD,西奥多弗郎西丝机场,THEODORE FRANCIS,西奥多弗郎西丝,普罗维登斯
SJC,圣何塞地方机场,SAN JOSE MUNICIPAL,圣何塞,圣何塞
SMF,萨克拉门托大都会机场,SACRAMENTO METROPOLI,萨克拉门托,萨克拉门托
BPL,新疆博乐机场,BOLE,,博乐
MXZ,梅县机场 ,MEI XIAN,,梅州
SNN,香农机场,SHANNON,香农,香农
LPA,德格兰卡纳里亚机场,AIRPORT DE GRAN CANA,德格兰卡纳里亚,拉斯帕尔马斯
LCG,拉科鲁利亚机场,LA CORUNA,拉科鲁利亚,拉科鲁利亚
LPL,利物浦－约翰列农机场,LIVERPOOL JOHN LENNO,利物浦－约翰列农,利物浦
BNA,纳什维尔机场,NASHVILLE METROPOLIT,纳什维尔,纳什维尔
KKJ,小仓机场,KOKURA,小仓,北九州
TYS,诺克斯威尔机场,MC GHEE TYSON,诺克斯威尔,诺克斯威尔
LIT,小石城机场,LITTLE ROCK REGIONAL,小石城,小石城
HSV,汉斯威尔机场,HUNTSVILLE,汉斯威尔,汉斯威尔
GSP,格林威尔机场,GREENVILLE-SPARTANBU,格林威尔,格林威尔
CRW,查尔斯顿机场,YEAGER,查尔斯顿,查尔斯顿
SPI,首都机场,CAPITAL,首都,斯普林菲尔德
ABV,阿布贾机场,ABUJA,阿布贾,阿布贾
EVN,埃里温机场,YEREVAN,埃里温,埃里温
SBN,南本德地区机场,SOUTH BEND REGIONAL,南本德,南本德
COO,科托努机场,COTONOU,科托努,科托努
CCO,卡里马瓜机场,CARIMAGUA,卡里马瓜,卡里马瓜
AXT,秋田机场,AKITA,秋田,秋田
IGU,卡塔拉塔斯机场,CATARATAS,卡塔拉塔斯,伊瓜苏福尔斯
SZE,瑟梅拉机场,SEMERA,瑟梅拉,瑟梅拉
TSE,阿斯塔纳机场,ASTANA,阿斯塔纳,阿斯塔纳
SPU,斯普利特机场,SPLIT,斯普利特,斯普利特
ABJ,费里克斯霍佛特博伊,FELIX HOUPHOUET BOIG,费里克斯霍佛特博伊,阿比让
PBM,扎恩德里加国际机场,ZANDERIJ,扎恩德里加,帕拉马里博
ODS,奥德萨中心机场,ODESSA-CENTRAL,奥德萨中心,欧德萨
MKR,米卡萨拉机场,MEEKATHARRA,米卡萨拉,米卡萨拉
FYV,费耶特维尔地方机场,FAYETTEVILLE MUNICIP,费耶特维尔,费耶特维尔
XNA,阿肯色西北地区机场,NORTHWEST ARKANSAS R,阿肯色,费耶特维尔
AGS,布什机场,BUSH FIELD,布什,奥古斯塔
SYR,汉考克国际机场,HANCOCK,汉考克,锡拉丘兹
FBM,卢阿诺机场,LUANO,卢阿诺,卢本巴希
GES,布阿扬机场,BUAYAN,布阿扬,桑托斯将军城
YQB,魁北克机场,QUEBEC,魁北克,魁北克
YQY,悉尼机场,SYDNEY,悉尼,悉尼(加拿大)
PFO,帕福斯国际机场,PAPHOS,帕福斯,帕福斯
SHV,什里夫波特地区机场,SHREVEPORT REGIONAL,什里夫波特,什里夫波特
HJR,克久拉霍机场,KHAJURAHO AIRPORT,克久拉霍机场,克久拉霍
LWO,斯尼罗机场,SNILOW,斯尼罗,里沃夫
DNK,第聂伯罗彼得罗夫斯克,DNEPROPETROVSK,第聂伯罗彼得罗夫斯克,第聂伯罗彼得罗夫斯克
FNC,马德拉机场,MADEIRA,马德拉,丰沙尔
HRK,哈尔科夫机场,KHARKOV,哈尔科夫,哈尔科夫
KRR,克拉斯诺达尔机场,KRASNODAR,克拉斯诺达尔,克拉斯诺达尔
ROV,罗斯托夫机场,ROSTOV,罗斯托夫,罗斯托夫
SBZ,锡比乌机场,SIBIU,锡比乌,锡比乌
VAR,瓦尔纳机场,VARNA,瓦尔纳,瓦尔纳
BMI,布卢明顿诺马尔机场,BLOOMINGTON-NORMAL,布卢明顿诺马尔,布卢明顿-诺马尔
TVC,樱桃首都机场,TRAVERSE CITY,特拉弗斯城,特拉弗斯城
CID,锡达拉皮兹机场,CEDAR RAPIDS,锡达拉皮兹,锡达拉皮兹
KIV,基希讷乌机场,CHISINAU,基希讷乌,基希讷乌
TGD,格鲁波夫西机场,GOLUBOVCI,格鲁波夫西,波德戈里察
JLN,乔普林机场,JOPLIN,乔普林,乔普林
YSB,萨德伯里机场,SUDBURY,萨德伯里,萨德伯里
LSE,拉克鲁斯地方机场,LA CROSSE MUNICIPAL,拉克鲁斯,拉克鲁斯
KRP,卡鲁普机场,KARUP,卡鲁普,卡鲁普
YYT,圣约翰斯机场,ST. JOHN'S,圣约翰斯,圣约翰斯
JAI,桑加尼亚机场,SANGANEER,桑加尼亚,斋普尔
LUG,卢加诺机场,LUGANO,卢加诺,卢加诺
ASP,艾丽斯斯普林斯机场,ALICE SPRINGS,开塞利,艾丽斯斯普林斯
ROA,罗阿诺克地方机场,ROANOKE MUNICIPAL,罗阿诺克,罗阿诺克
PNS,彭萨科拉地区机场,PENSACOLA REGIONAL,彭萨科拉,彭萨科拉
AAR,提尔斯特卢普机场,TIRSTRUP,提尔斯特卢普,奥胡斯
ASM,阿斯马拉国际机场,ASMARA,阿斯马拉,阿斯马拉
KJI,喀纳斯机场,KANASI,喀纳斯,布尔津
BGR,班戈国际机场,BANGOR,班戈,班戈
NAS,拿骚国际机场,NASSAU,拿骚,拿骚
SGF,布兰森地区机场,SPRINGFIELD-BRANSON ,布兰森,斯普林菲尔德
AHL,艾沙尔顿机场,AISHALTON,夏威夷,艾莎尔顿
DMM,法赫德国王国际机场,KING FAHAD,法赫德国王,达曼
CMI,维拉德大学机场,WILLARD UNIVERSITY,维拉德大学,尚佩恩
ANQ,史特优本郡机场,TRI-STATE STEUBEN CO,史特优本郡,安哥拉城
MGM,达内里机场,DANNELLY FIELD,达内里,蒙哥马利
LLW,利隆圭国际机场,LILONGWE,利隆圭,利隆圭
YQT,桑德贝机场,THUNDER BAY,桑德贝,桑德贝
CHA,拉佛尔机场,LOVELL FIELD,拉佛尔,查塔努加
TSV,汤斯维尔机场,TOWNSVILLE,汤斯维尔,汤斯维尔
FAR,赫克特尔机场,HECTOR FIELD,赫克特尔,法戈
MSU,马塞卢国际机场,MOSHOESHOE,马塞卢,马塞卢
NLT,那拉提机场,NA LA TI,那拉提,新源
MBS,特里城机场,TRI CITY,特里城,萨吉诺
BTR,瑞安机场,RYAN,瑞安,巴吞鲁日
BPT,杰弗逊郡机场,JEFFERSON COUNTY,杰弗逊郡,博蒙特
MFE,米勒国际机场,MILLER,米勒,迈克艾伦
USN,蔚山机场,ULSAN,蔚山,蔚山
KPO,普项机场,POHANG,普项,普项
LFT,拉菲特地区机场,LAFAYETTE REGIONAL,拉菲特,拉菲特
MYY,米里机场,MIRI,米里,米里
EVV,德雷斯地区机场,DRESS REGIONAL,德雷斯,埃文斯维尔
USH,伊斯拉斯马尔维纳斯,ISLAS MALVINAS,伊斯拉斯马尔维纳斯,乌斯怀亚
BME,布鲁姆机场,BROOME,布鲁姆,布鲁姆
MKY,麦凯机场,MACKAY,,麦凯
MCZ,帕尔马雷斯机场,PALMARES AIRPORT,帕尔马雷斯,马塞约
NAT,奥古斯托塞佛洛机场,AUGUSTO SEVERO AIRPO,奥古斯托塞佛洛,纳塔尔
SSA,路易斯马加尔哈斯机场,AIRPORT LUIS E. MAGA,路易斯马加尔哈斯,萨尔瓦多
YKA,坎卢普斯机场,KAMLOOPS,坎卢普斯,坎卢普斯
HRG,赫尔格达机场,HURGHADA,赫尔格达,赫尔格达
SSH,奥菲拉机场,OPHIRA,,沙姆沙伊赫湾 
EAS,圣塞瓦斯蒂安机场,SAN SEBASTIAN AIRPOR,圣塞瓦斯蒂安,圣塞瓦斯蒂安
MJV,桑雅维尔机场,SAN JAVIER AIRPORT,桑雅维尔,穆尔西亚
RHO,迪阿格拉斯机场,DIAGORAS,迪阿格拉斯,罗得岛
BTH,杭纳迪姆机场,HANG NADIM,杭纳迪姆,巴淡岛
GOI,达博里姆机场,DABOLIM,达博里姆,果阿
VNS,瓦拉纳西机场,VARANASI AIRPORT,瓦拉纳西机场,菠罗奈斯
AHO,阿尔盖罗机场,FERTILIA AIRPORT,阿尔盖罗,阿尔盖罗
PMO,蓬塔莱希机场,PUNTA RAISI,蓬塔莱希,巴勒莫
RBA,塞尔机场,SALE,塞尔,拉巴特
ZIH,伊斯塔巴/西华达内荷国际机场,EXTAPA/ZIHUATANEJO I,伊斯塔巴/西华达内荷,印坦巴
MTY,马里阿诺－埃斯科贝多,GEN MARIANO ESCOBEDO,马里阿诺－埃斯科贝多,蒙特雷
NTR,德尔诺特机场,AEROPUERTO DEL NORTE,德尔诺特,蒙特雷
TOS,特罗姆瑟/朗内斯机场,TROMSO/LANGNES,特罗姆瑟/朗内斯机场,特罗姆瑟
TUO,陶波机场,TAUPO AIRPORT,陶波机场,陶波
LPI,林雪平机场,LINKOPING,林雪平,林雪平
MMX,斯图鲁普机场,STURUP,斯图鲁普,马尔默
ONT,安大略国际机场,ONTARIO,安大略,安大略
LST,朗塞斯顿机场,LAUNCESTON,朗塞斯顿,朗塞斯顿
YXJ,圣约翰堡机场,FORT ST. JOHN,圣约翰堡,圣约翰堡
PNQ,浦那机场,LOHEGAON,浦那,浦那
HOQ,霍夫机场,HOF,霍夫,霍夫
YQR,里贾纳机场,REGINA,里贾纳,里贾纳
LNK,林肯地方机场,LINCOLN MUNICIPAL,林肯,林肯
YUY,鲁安机场,ROUYN,鲁安,鲁安
TTT,台东机场,TAITUNG AIRPORT,台东,中国台东
RMQ,清泉岗机场,CHINGCHUANKANG,清泉岗,中国台中
HZH,黎平机场,LIPING,,黎平
SOU,伊斯特雷机场,EASTLEIGH,南安普顿,南安普敦
ASB,阿什贾巴特机场,ASHGABAT,阿什贾巴特,阿什贾巴特
YYG,夏洛特敦机场,CHARLOTTETOWN,夏洛特敦,夏洛特敦
ERI,伊利国际机场,ERIE,伊利,伊利
CAK,阿克伦坎通地区机场,AKRON/CANTON REGIONA,阿克伦坎通,阿克伦/坎通
MQT,绍亚尔国际机场,SAWYER,绍亚尔,马凯特
MKG,马斯基根机场,MUSKEGON,马斯基根,马斯基根
TLH,塔拉哈西地方机场,TALLAHASSEE MUNICIPA,塔拉哈西,塔拉哈西
MTS,马特萨法国际机场,MATSAPHA,马特萨法,曼齐尼
RLK,天吉泰机场,TIANJITAI,天吉泰,巴彦淖尔
IOM,罗纳尔兹威机场,RONALDSWAY,罗纳尔兹威,马恩岛
EUG,尤金机场,EUGENE,尤金,尤金
KSD,卡尔斯塔德机场,KARLSTAD,卡尔斯塔德,卡尔斯塔德
FWA,韦恩堡地方机场巴厄,FORT WAYNE MUNICIPAL,韦恩堡地方机场巴厄,韦恩堡 
DBV,杜布罗夫尼克机场,DUBROVNIK,杜布罗夫尼克,杜布罗夫尼克
UFA,乌法机场,UFA,乌法,乌法
DOK,多内茨克机场,DONETSK,多内茨克,多内茨克 
ERF,爱尔福特机场,ERFURT,爱尔福特,爱尔福特 
SAV,希尔顿首脑机场,SAVANNAH/HILTON HEAD,希尔顿,萨凡纳 
REG,提托蒙尼提机场,TITO MENNITI,提托蒙尼提,雷焦卡拉布里亚
TXK,特克萨卡纳机场,TEXARKANA MUNICIPAL,特克萨卡纳,特克萨卡纳
OSR,俄斯特拉伐机场,MOSNOV,俄斯特拉伐,俄斯特拉伐
KGD,加里宁格勒机场,KALININGRAD,加里宁格勒,加里宁格勒
DSN,鄂尔多斯机场,ORDOS YIJINHUOLUO,,鄂尔多斯
BDQ,瓦多达拉（巴罗达）机,VADODARA,瓦多达拉机场,瓦多达拉
KUH,钏路机场,KUSHIRO,钏路,钏路
CKB,克拉克斯堡机场,BENEDUM,克拉克斯堡,克拉克斯堡
VSA,卡皮坦卡洛斯佩雷兹,CAPITAN CARLOS PEREZ,卡皮坦卡洛斯佩雷兹,比亚埃尔莫萨
MPK,木浦机场,MOKPO,木浦,木浦
HPN,维斯特切斯特郡机场,WESTCHESTER COUNTY,维斯特切斯特郡,维斯特切斯特郡
NSN,尼尔森机场,NELSON,尼尔森,尼尔森
SYM,思茅机场,PUER SIMAO,思茅,普洱
CHO,夏洛茨维尔机场,ALBEMARLE,夏洛茨维尔,夏洛茨维尔
UBJ,宇部机场,UBE,宇部,宇部
TNR,伊瓦图机场,ANTANANARIVO,塔拿那利佛,塔那那利佛
PLB,克林顿郡机场,CLINTON COUNTY,克林顿郡,普拉茨堡
ATW,奥塔加米郡机场,OUTAGAMIE COUNTY,奥塔加米郡,阿普尔顿
BTS,伊万卡机场,IVANKA,,布拉迪斯拉发
KMJ,熊本机场,KUMAMOTO,熊本机场,熊本
BKO,巴马科机场,BAMAKO,巴马科,巴马科
PIA,格雷特尔皮奥里斯,GREATER PEORIA,格雷特尔皮奥里斯,皮奥里亚
MWX,务安机场,KWJ,雾安机场,务安
BDA,百慕大机场,BERMUDA,百慕大,百慕大
BZG,比得哥什机场,BYDGOSZCZ,比得哥什,比得哥什
RSU,丽水机场,YEOSU,丽水,丽水(韩国)
BZN,加拉丁机场,GALLATIN FIELD,加拉丁,博兹曼
BFL,梅道斯机场,MEADOWS FIELD,梅道斯,贝克斯菲尔德
EGE,伊格尔郡机场,EAGLE COUNTY,伊格尔郡,韦尔
MPH,马雷机场,MALAY,马雷,卡提克兰
KLR,卡尔马机场,KALMAR,卡尔马,卡尔马
ABX,奥尔伯里机场,ALBURY AIRPORT,奥尔伯里,奥尔伯里
LAP,莱昂机场,LEON AIRPORT ,莱昂,拉巴斯
PSR,里贝里机场,LIBERI AIRPORT,里贝里机场,佩斯卡拉
RIX,里加机场,RIGA,里加,里加
MDL,安尼萨顿机场 ,ANNISATON,满各里,曼德勒
NOU,通托塔机场,TONTOUTA AIRPORT,通托塔,努美阿
PPS,巴拉望机场,PUERTO PRINCESA,巴拉望,巴拉望
SJU,路易斯姆诺兹马灵机场,LUIS MUNOZ MARIN,路易斯姆诺兹马灵,圣胡安
SEZ,塞舌尔国际机场,SEYCHELLES,塞舌尔国际,马埃岛
PLZ,伊丽莎白港机场,PORT ELIZABETH,伊丽莎白港,伊丽莎白港
YXU,大都会地区机场,METROPOLITAN AREA,大都会,伦敦(加拿大)
KGT,康定机场,KANGDING,,康定
OLB,戈斯塔斯梅拉尔达机,COSTA SMERALDA,戈斯塔斯梅拉尔达,奥尔比亚 
OSS,奥什机场,OSH,奥什,奥什
NPL,新普利茅茨机场,NEW PLYMOUTH,新普利茅茨,新普利茅茨
OER,恩舍尔兹维克机场,ORNSKOLDSVIK,恩舍尔兹维克,恩舍尔兹维克
MLU,门罗地方机场,MONROE MUNICIPAL,门罗,门罗
ASE,阿斯彭机场,ASPEN,阿斯彭,阿斯彭
AZO,巴特尔克里克国际机场,BATTLE CREEK,巴特尔克里克,卡拉马祖
CJB,佩拉梅杜机场,PEELAMEDU,佩拉梅杜,哥印拜陀
DYU,杜尚别机场 ,DUSHANBE,,杜尚别
YQG,温莎机场,WINDSOR,温莎,温莎
LAN,首都城机场,CAPITAL CITY,首都城,兰辛
GAY,伽耶机场,GAYA,伽耶,伽耶
AER,阿德列尔索奇机场,ADLER/SOCHI,阿德列尔索奇,阿德列尔
DRO,拉普拉塔机场,LA PLATA,拉普拉塔,杜兰戈
ARM,阿米代尔机场,ARMIDALE AIRPORT ,阿米代尔,阿米代尔
MLB,墨尔本国际机场,MELBOURNE,墨尔本国际,墨尔本
BTV,伯灵顿国际机场,BURLINGTON,,伯灵顿
PWM,波特兰国际喷气机机场,PORTLAND  JETPORT,波特兰,波特兰
TOL,伊克斯普雷斯机场,EXPRESS,伊克斯普雷斯,托莱多
BJM,布琼布拉国际机场,BUJUMBURA INTERNATIO,布琼布拉国际机场,布琼布拉
SSG,圣伊莎贝尔机场,SANTA ISABEL,圣伊莎贝尔,马拉博
YGK,金斯顿机场,KINGSTON,金斯顿,金斯顿
CHS,查尔斯顿国际机场,CHARLESTON,查尔斯顿国际,查尔斯顿
EBL,埃尔比勒国际机场,ERBIL INTERNATIONAL ,埃尔比勒国际,埃尔比勒
MHD,马沙德机场,MASHAD AIRPORT,马沙德,马什哈德
AKX,阿克纠宾斯克机场,AKTYUBINSK,阿克纠宾斯克,阿克纠宾斯克
CEK,车里雅宾斯克机场 ,CHELYABINSK,,车里雅宾斯克
URA,乌拉尔斯克机场,URALSK,乌拉尔斯克,乌拉尔斯克
SVX,叶卡捷琳堡机场,EKATERINBURG,,叶卡捷琳堡
LFW,洛美机场,LOME,洛美,洛美
NSI,希马伦机场,NSIMALEN,希马伦,雅温得
YAO,雅温得机场,YAOUNDE,雅温得,雅温得
ELS,东伦敦机场,EAST LONDON,东伦敦,东伦敦
FNA,伦吉国际机场,LUNGI,,费里敦
JRO,乞力马扎罗山机场,KILIMANJARO AIRPORT,乞力马扎罗山机场,乞力马
ZNZ,桑给巴尔机场,KISAUNI,桑给巴尔,桑给巴尔
NDJ,恩贾梅拉机场,NDJAMENA,,恩甲美那
KJA,叶米里亚诺瓦机场,YEMELYANOVO,叶米里亚诺瓦,克拉斯诺雅尔斯克
YKS,亚库茨克机场  ,YAKUTSK AIRPORT   ,亚库茨克 ,亚库茨克
VOG,伏尔加格勒机场,VOLGOGRAD AIRPORT,伏尔加格勒,伏尔加格勒
ASF,阿斯特拉罕机场,ASTRAKHAN AIRPORT,阿斯特拉罕,阿斯特拉罕
DHN,多森机场,DOTHAN,多森,多森
FAI,费尔班克斯国际机场,FAIRBANKS,费尔班克斯,费尔班克斯
CIC,奇科机场 ,CHICO,奇科,奇科
YQM,大都会地区,METROPOLITAN AREA,大都会,蒙克顿
JAN,杰克逊国际机场,JACKSON,杰克逊,杰克逊
DAB,代托纳比奇地区机场,DAYTONA BEACH REGION,代托纳比奇,代托纳比奇
CWA,中威斯康星机场,CENTRAL WISCONSIN,中威斯康星,沃索
YCD,纳奈莫机场,NANAIMO AIRPORT,纳奈莫机场,纳奈莫
ALO,滑铁卢机场,WATERLOO AIRPORT,滑铁卢,滑铁卢
GRJ,乔治城机场,GEORGE,乔治城,乔治城
RNB,卡林格机场,KALLINGE,卡林格,隆内比
ACY,大西洋城国际机场 ,ATLANTIC CITY,,大西洋城
AKJ,旭川国际机场,ASAHIKAWA,旭川,旭川
ALP,内拉博机场,NEJRAB,,阿勒颇
AXA,瓦尔布雷克机场,WALLBLAKE,瓦尔布雷克,瓦拉瓦
AMA,阿马里洛国际机场,AMARILLO INTERNATION,阿马里洛国际机场,阿马里洛
ANF,塞罗莫雷诺机场  ,CERRO MORENO AIRPORT,塞罗莫雷诺,安托法加斯塔
ANU,VC伯德国际机场,V.C. BIRD INTERNATIO,VC伯德国际VC伯德国际机场,安提瓜
AOJ,青森机场,AOMORI AIRPORT,青森,青森
AOO,阿尔托纳机场,ALTOONA AIRPORT,阿尔托纳,阿尔托纳
APL,卢姆波机场,NAMPULA AIRPORT,卢姆波,楠普拉
APW,法勒奥罗机场,FALEOLO,,阿皮亚
ATY,沃特敦机场 ,WATERTOWN,沃特敦,沃特敦
ATQ,拉贾桑西机场,RAJA SANSI AIRPORT,拉贾桑西,阿姆利则
AVL,阿什维尔地区机场,ASHEVILLE REGIONAL,阿什维尔,阿什维尔
AVP,威尔克斯巴里国际机场,WILKES-BARRE INTERNA,威尔克斯巴里国际机场,威尔克斯－巴里
AYQ,康内尔兰机场,CONNELLAN,康内尔兰,艾尔斯岩
BAQ,考提索茨机场,E CORTISSOZ AIRPORT ,考提索茨,巴兰基亚
BBI,布巴内斯瓦尔机场,BHUBANESWAR AIRPORT,布巴内斯瓦尔,布巴内斯瓦尔
BCD,锡莱机场,BACOLOD,巴科洛德,巴科洛德
BDJ,斯贾姆苏丁 挽诺尔机场,SJAMSUDIN NOOR AIRPO,斯贾姆苏丁挽诺尔,班贾尔马辛
BDS,帕珀拉卡塞尔机场,PAPOLA CASALE,帕珀拉卡塞尔,布林迪西
BEW,贝拉机场,BEIRA AIRPORT,贝拉机场,贝拉
BFN,布隆方丹国际机场,BLOEMFONTEIN INTERNA,布隆方丹国际机场,布隆方舟
BGF,班吉机场,BANGUI,班吉,班吉
BGI,格兰特雷－亚当斯国际,GRANTLEY ADAMS,格兰特雷－亚当斯国际,布里奇敦
BGM,宾厄姆顿机场,BINGHAMTON,,宾厄姆顿
BHJ,鲁德拉马塔机场,RUDRA MATA,鲁德拉马塔,普杰
BHO,博帕尔机场,BHOPAL AIRPORT,博帕尔,博帕尔
CNF,坦克雷多挽内弗斯,TANCREDO NEVES,坦克雷多挽内弗斯,贝洛奥里藏特
BIS,俾斯麦机场,BISMARCK AIRPORT,俾斯麦,俾斯麦
BJL,云德姆国际机场,YUNDUM,,班珠尔
BJX,德尔巴乔机场,DEL BAJIO,,莱昂
BLZ,布兰太尔机场,CHILEKA AIRPORT,布兰太尔,布兰太尔
BMV,蓬杜克机场,PHUNG-DUC AIRPORT,蓬杜克机场,BANMETHOUT
BOO,博多机场,BODO AIRPORT,博多,博多
BQN,博林奎恩机场,BORINQUEN AIRPORT,博林奎恩机场,阿瓜迪亚
BRO,南帕德雷岛国际机场,SOUTH PADRE ISLAND,,布朗斯维尔
BSR,巴士拉国际机场,BASRA INTERNATIONAL ,巴士拉,巴士拉
BUQ,布拉瓦约机场,BULAWAYO AIRPORT,布拉瓦约,布拉瓦约
BUS,巴统机场,BATUMI AIRPORT,巴统,巴统
BXU,武端机场,BUTUAN AIRPORT,武端机场,武瑞
BZE,菲利普戈尔德森国际机,PHILIP S.W. GOLDSON ,菲利普戈尔德森,伯利兹城
CAY, 罗查姆博机场,ROCHAMBEAU,罗查姆博,卡宴
CCJ,卡利库特机场,CALICUT,卡利库特,科泽科德
CEE,切列波维茨机场 ,CHEREPOVETS,,切列波维茨
CEN,奥夫雷贡城机场,CIUDAD OBREGON AIRPO,奥夫雷贡城,欧布雷贡城
CFS,科夫斯港机场,COFFS HARBOUR AIRPOR,科夫斯港机场,科夫斯港
CGY,伦比亚机场,LUMBIA,伦比亚机场,卡加延德奥罗
CJS,华雷兹城国际机场,ABRAHAM GONZALEZ INT,华雷兹城,华雷斯城
CLL,伊斯特伍德机场,EASTERWOOD FIELD,伊斯特伍德,克利奇站
CLO,阿方索挽阿拉贡机场  ,ALFONSO B. ARAGON AI,阿方索挽阿拉贡,卡利
CLQ,米盖尔德拉马德里机场,COLIMA AIRPORT ,科利马,科利马
CME,卡门城机场,CIUDAD DEL CARMEN AI,卡门城机场,卡门城
CMX,豪登郡机场,HOUGHTON COUNTY AIRP,豪登郡,汉考克
COD,黄石地区机场,YELLOWSTONE REGIONAL,黄石地区,科迪
COU,哥伦比亚地区机场,COLUMBIA REGIONAL AI,哥伦比亚地区,哥伦比亚
CPE,坎佩切国际机场,CAMPECHE INTERNATION,坎佩切,坎佩切
CRP,科珀斯克里斯蒂机场,CORPUS CHRISTI,科珀斯克里斯蒂,科珀斯克里斯蒂
SBP,郡机场,COUNTY AIRPORT,郡机场,圣路易斯-奥比斯波
CTG,拉法厄尔努内兹机场,RAFAEL NUNEZ AIRPORT,拉法厄尔努内兹,卡塔赫纳
CUL,费德尔迪挽巴奇瓜拉托机场,FEDL DE BACHIGUALATO,费德尔迪挽巴奇瓜拉托,库利阿坎
CUR,哈托机场,AEROPUERTO HATO,哈托,库拉索（加勒比）
CUU,根费罗挽维拉罗博斯机场  ,GEN FIERRO VILLALOBO,根费罗挽维拉罗博斯  ,奇瓦瓦
CWB,阿丰索佩纳机场,AFONSO PENA,,库里蒂巴
CZL,埃因埃尔贝机场,AIN EL BEY AIRPORT,埃因埃尔贝,君士坦丁
DBQ,迪比克地方机场,DUBUQUE MUNICIPAL,迪比克地方机场,迪比克
DGO,瓜达卢普挽维多利亚机场 ,GUADALUPE VICTORIA A,瓜达卢普挽维多利亚,杜兰戈
DGT,杜马格特机场,DUMAGUETE AIRPORT,杜马格特,杜马格特
DIB,查布阿机场,CHABUA,,迪布鲁格尔
DIL,科摩罗机场,COMORO,,帝力
DJB, 苏丹塔哈挽斯亚里弗德恩机场,SULTAN TAHA SYARIFUD, 苏丹塔哈挽斯亚里弗德恩,占碑
DLH,德卢斯国际机场,DULUTH,,德芦斯
DLI,连科杭机场,LIENKHANG AIRPORT,连科杭机场,大叻
DOM,麦尔维尔哈尔机场,MELVILLE HALL AIRPOR,麦尔维尔哈尔,多米尼加岛
DPO,德文波特机场 ,DEVONPORT AIRPORT ,德文波特 ,德文波特
EAM,内奇兰机场,NEJRAN ,内奇兰,内基兰
EAR,卡尼机场,KEARNEY AIRPORT,卡尼,卡尼
EAT,庞伯恩机场,PANGBORN FIELD,庞伯恩,文纳奇
EAU,欧克莱尔机场,EAU CLAIRE,欧克莱尔,欧克莱尔
ELM,埃尔迈拉地区机场,ELMIRA REGIONAL,埃尔迈拉地区机场,艾尔迈拉
MLM,莫雷利亚机场,MORELIA AIRPORT,莫雷利亚,莫雷利亚
MMB,女满别机场,MEMANBETSU,女满别,女满别
MMK,摩尔曼斯克机场,MURMANSK AIRPORT,摩尔曼斯克,摩尔曼斯科
MOB,莫比尔地方机场,MOBILE MUNICIPAL AIR,莫比尔地方,莫比尔
MOL,阿洛机场 ,ARO AIRPORT  ,阿洛机场 ,莫尔德
MQX,默克莱机场,MAKALE AIRPORT,默克莱,默克莱
MRY,蒙特雷半岛机场,MONTEREY PENINSULA A,蒙特雷半岛,蒙特雷
MSJ,三泽机场,MISAWA AIRPORT,三泽,三泽
MSL,马斯克尔肖尔斯机场,MUSCLE SHOALS,马斯克尔肖尔斯,马斯尔肖尔斯
MSO,约翰逊贝尔机场,JOHNSON BELL FIELD,约翰逊贝尔,米苏拉
MTT,米纳蒂特兰,MINATITLAN AIRPORT,米纳蒂特兰,米纳蒂特兰
MWZ,姆万扎机场,MWANZA AIRPORT,姆万扎机场,姆万扎
MXL,墨西卡利机场,MEXICALI AIRPORT,墨西卡利,墨西卡利
MYD,马林迪机场,MALINDI AIRPORT ,马林迪,马林迪
MYR,默特尔比奇空军基地,MYRTLE BEACH AIR FOR,默特尔比奇,默特尔比奇
MZG,马公机场  ,Magong Airport,马公机场  ,中国马公
MZT,拉法尔布埃尔纳将军机场,GEN RAFAEL BUELNA AI,拉法尔布埃尔纳将军,马萨特蓝
NAG,索内加昂机场,SONEGAON AIRPORT,索内加昂,那格浦尔
NCP,库比皮特海空军机场,CUBI PT NAVAL AIR ST,库比皮特海空军,吕宋岛
CRK,克拉克机场,CLARK FIELD,克拉克,吕宋岛
NLA,恩多拉机场,NDOLA,恩多拉,恩多拉
NLD,奎特扎尔克特尔国际机场,QUETZALCOATL INTERNA,奎特扎尔克特尔,新拉莱多
NPE,豪客斯贝机场,HAWKES BAY AIRPORT,豪客斯贝机场,纳皮尔-黑斯廷斯
NRK,库恩桑根机场,KUNGSANGEN AIRPORT,库恩桑根,诺尔雪平
OAJ,阿尔伯特－埃利斯机场,ALBERT J ELLIS,阿尔伯特－埃利斯,杰克逊维尔
OAX,肖肖克特兰机场,XOXOCOTLAN AIRPORT,肖肖克特兰,瓦哈卡
ORN,埃斯塞尼阿机场,ES SENIA AIRPORT,埃斯塞尼阿,奥兰
OSD,弗洛埃索厄机场,FROESOE AIRPORT,弗洛埃索厄,厄斯特松德
OUA,瓦加杜古机场,OUAGADOUGOU,,瓦加杜古
PAH,巴克雷地区机场,BARKLEY REGIONAL AIR,巴克雷地区,帕迪尤卡
PAT,巴特纳机场,PATNA AIRPORT,巴特纳机场,巴特那
PAZ,塔金机场,TAJIN AIRPORT,塔金,波萨里卡-德伊达尔戈
PBD,博尔本德尔机场,PORBANDAR AIRPORT ,博尔本德尔,波尔本德尔
ECP,西北佛罗里达海滩国际机场,NW FLORIDA BEACHES I,西北佛罗里达海滩国际,帕纳马城
PGV,皮特挽格林维尔机场   ,PITT-GREENVILLE AIRP,皮特挽格林维尔  ,格林维尔
PHE,黑德兰港机场,PORT HEDLAND AIRPORT,黑德兰港,黑德兰港
PHF,威廉姆斯堡机场,NEWPORT NEWS/WILLIAM,威廉姆斯堡机场,汉普顿
PIH,波卡特咯机场,POCATELLO AIRPORT,波卡特咯,波卡特洛
PKR,博克拉机场,POKHARA AIRPORT,博克拉机场,博克拉
PKU,希姆庞提加机场,SIMPANG TIGA,希姆庞提加,北干巴鲁
PLQ,帕兰加国际机场  ,PALANGA INTERNATIONA,帕兰加 ,克莱柏特
PMR,帕默斯顿北机场,PALMERSTON NORTH AIR,帕默斯顿北,北帕默斯顿
PNA,潘普洛拉机场,PAMPLONA AIRPORT ,潘普洛拉,潘普洛纳
PNI,波恩佩机场,POHNPEI AIRPORT,波恩佩,波纳佩
PNR,黑角机场,POINTE NOIRE AIRPORT,黑角,黑角
POA,萨尔加多－费尔霍机场,SALGADO FILHO AIRPOR,萨尔加多－费尔霍机场,阿雷格里港
POR,波里机场 ,PORI AIRPORT  ,波里,波里
POS,皮阿尔科机场,PIARCO AIRPORT,皮阿尔科,西班牙港
PPT,法阿机场,FAAA,法阿,帕皮堤
PQC,杜恩当机场,DUONG DANG,杜恩当机场,富国
PSC, 特里希提斯机场 ,TRI-CITIES,特里希提斯,帕斯科
PSE,梅塞迪塔机场,MERCEDITA AIRPORT,梅塞迪塔,蓬塞
PTP,勒莱泽特机场,LE RAIZET,,皮特尔角城
PUJ,蓬塔卡纳机场,PUNTA CANA,,蓬塔卡纳
PUW,莫斯科地区机场,MOSCOW REGIONAL,莫斯科地区,普尔曼
PVR,奥达兹,ORDAZ,奥达兹,巴亚尔塔港
PWQ,巴甫洛达尔机场,PAVLODAR AIRPORT,巴甫洛达尔机场,巴夫洛德
PXU,波来古机场,PLEIKU AIRPORT,波来古,波来古
QRO,奎雷塔罗机场,QUERETARO,,奎雷塔罗
RAJ,民航机场,CIVIL,,拉杰果德
RAP,拉皮德城地区机场,RAPID CITY REGIONAL ,拉皮德城地区,拉皮德城
RAR,拉罗汤加岛机场,RAROTONGA AIRPORT,拉罗汤加岛,拉罗汤加
RDD,雷丁机场,REDDING AIRPORT,雷丁,雷丁
RDM,罗伯茨机场,ROBERTS FIELD,罗伯茨,雷德蒙德
REX,根卢西奥－布兰科机场,GEN LUCIO BLANCO,,雷诺萨
ROK,罗克汉普顿机场,ROCKHAMPTON,罗克汉普顿,罗克汉普顿
ROR,埃莱机场,AIRAI,,科罗尔
RPR,斯瓦米维威卡南达机场,RAIPUR,赖布尔机场,赖布尔
RST,罗切斯特地方机场,ROCHESTER MUNICIPAL,,罗切斯特
RUN,吉罗特机场,GILLOT,,圣丹尼斯
RXS,罗哈斯城机场,ROXAS CITY AIRPORT,罗哈斯城,罗克塞斯城
RZE,加西翁卡机场,JASIONKA AIRPORT,加西翁卡,热舒夫
SAF,圣菲机场,SANTA FE AIRPORT,圣菲机场,圣达菲
SAL,科马拉帕国际机场,COMALAPA,科马拉帕,圣萨尔瓦多
SAP,拉蒙维勒达－莫拉尔斯,RAMON VILLEDA MORALE,拉蒙维勒达－莫拉尔斯,圣佩德罗苏拉
SCN,恩施埃姆机场,ENSHEIM AIRPORT,恩施埃姆机场,萨尔布吕肯
SDL,松兹瓦尔机场,SUNDSVALL/HARNOSAND,松兹瓦尔,松兹瓦尔
SDQ,拉斯阿美利加斯机场,LAS AMERICAS AIRPORT,拉斯阿美利加斯,圣多明戈
SGD,森讷堡机场,SONDERBORG,森讷堡,森讷堡
SHB,根室中标津机场,NAKASHIBETSU,根室中标津,中标津
SHD,谢南多阿瓦雷机场,SHENANDOAH VALLEY AI,谢南多阿瓦雷机场,斯丹顿
SJD,圣约瑟卡博机场,LOS CABOS AIRPORT,圣约瑟卡博,圣荷西
SKB,戈尔登罗克机场 ,GOLDEN ROCK AIRPORT,戈尔登罗克,圣基茨
SLL,塞拉莱机场,SALALAH AIRPORT,塞拉莱,塞拉莱
SLP,圣路易斯波托西机场,SAN LUIS POTOSI AIRP,圣路易斯波托西,圣路易斯波托西
SLW,萨尔蒂洛机场,SALTILLO AIRPORT,萨尔蒂洛,萨尔蒂洛
SMX,圣玛丽亚公共机场,SANTA MARIA PUBLIC  ,圣玛丽亚公共机场,圣马丽亚
SRQ, 不拉登顿机场   ,BRADENTON AIRPORT  , 不拉登顿,萨拉索塔
VVI,比鲁比鲁国际机场,VIRU VIRU INTERNATIO,比鲁比鲁,圣克鲁斯
STT,塞里尔金机场,CYRIL E. KING AIRPOR,塞里尔金,圣托马斯
STX,亚历山大挽汉密尔顿机场 ,ALEXANDER HAMILTON A,亚历山大挽汉密尔顿,圣克鲁斯岛
SUF,尤费米亚机场  ,S EUFEMIA AIRPORT ,尤费米亚 ,拉默齐亚
SUX,苏城门户机场,SIOUX GATEWAY,苏城门户,苏城
SVL,萨翁林纳机场,SAVONLINNA AIRPORT,萨翁林纳,萨翁林纳
SXM,朱利亚纳王子机场,PRINC. JULIANA,朱利亚纳王子,圣马滕
SYO,庄内机场,SHONAI AIRPORT,庄内机场,庄内
SYZ,设拉子机场,SHIRAZ AIRPORT,设拉子,设拉子
TAC,罗姆阿尔德兹机场,ROMUALDEZ AIRPORT,罗姆阿尔德兹,塔克洛班
TAG,塔比拉兰机场,TAGBILARAN,塔比拉兰,塔比拉兰
TAK,高松机场  ,TAKAMATSU AIRPORT ,高松,高松
TAM,根雅维尔米纳机场,GEN F JAVIER MINA AI,根雅维尔米纳,坦皮科
TAP,塔帕丘拉国际机场,TAPACHULA INTERNATIO,塔帕丘拉,塔帕丘拉
TBZ,大不里士机场 ,TABRIZ AIRPORT  ,大不里士,大不里士
TET,马通多机场,MATUNDO AIRPORT,马通多,太特
TGZ,拉诺圣胡安机场,LLANO SAN JUAN AIRPO,拉诺圣胡安,图斯特拉-古铁雷斯
TIU,蒂马鲁机场  ,TIMARU AIRPORT ,蒂马鲁 ,蒂马鲁
TKG,布兰提机场,BRANTI AIRPORT,布兰提,南榜市
TKK,特鲁克机场,TRUK AIRPORT,特鲁克,塔克岛
TRC,托雷翁机场,TORREON AIRPORT,托雷翁机场,托雷翁
TRG,陶朗阿机场,TAURANGA AIRPORT,陶朗阿,陶朗阿加
TRI,布里斯托尔机场,TRI-CITIES REGIONAL,布里斯托尔,布里斯托尔
TRZ,民航机场,CIVIL,,蒂鲁吉拉伯利
TUP,莱蒙斯地方机场,LEMONS MUNICIPAL AIR,莱蒙斯,吐丕洛
TVF,希弗里弗福斯地区机场,THIEF RIVER FALLS RE,希弗里弗福斯地区,小偷河瀑布市
TYR,庞兹机场,POUNDS FIELD,POUNDS FIELD,泰勒
UBP,穆昂乌本机场,MUANG UBON,穆昂乌本,乌汶（乌汶叻差他尼）
GTR,金三角地区机场,GOLDEN TRIANGLE REGI,金三角地区机场,哥伦布
UDR,达博克机场,DABOK AIRPORT,达博克,乌代布尔
UIH,归仁机场,QUI NHON AIRPORT,归仁,归仁
UKK,乌斯季卡缅诺戈尔斯克,UST-KAMENOGORSK,,乌斯季卡缅诺戈尔斯克
UME,于默奥机场,UMEA,于默奥,于默奥
UPG,哈萨努丁机场,HASANUDIN AIRPORT,哈萨努丁机场,乌戎潘当
VER,拉斯巴贾达斯机场,LAS BAJADAS AIRPORT,拉斯巴贾达斯机场,韦拉克鲁斯
VFA,维多利亚瀑布城机场,VICTORIA FALLS AIRPO,维多利亚瀑布城,维多利亚大瀑布
VII,荣市机场,VINH CITY AIRPORT,荣市机场,荣市
VIX,尤里克塞尔斯机场,EURICO SALES AIRPORT,尤里克塞尔斯,维多利亚
VKG,拉奇吉亚机场,RACH GIA AIRPORT,拉奇吉亚机场,迪石
VPS,瓦尔顿堡比齐机场,FT. WALTON BEACH AIR,瓦尔顿堡比齐机场,华尔顿堡
VTZ,维沙卡帕特南机场,VISHAKHAPATNAM AIRPO,维沙卡帕特南,维萨卡帕特南
WAG,旺阿努伊机场,WANGANUI,旺阿努伊,旺阿努伊
WGA,佛雷斯特希尔机场,FORREST HILL AIRPORT,佛雷斯特希尔,沃加沃加
WHK,瓦卡塔尼机场,WHAKATANE AIRPORT,瓦卡塔尼,瓦卡塔尼
WKA,瓦纳卡机场,WANAKA AIRPORT,瓦纳卡,瓦纳卡
WRE,旺阿雷机场,WHANGAREI AIRPORT,旺阿雷,旺阿雷
WVB,卢伊科普机场,ROOIKOP AIRPORT,卢伊科普,鲸湾港
WYS,西黄石机场,YELLOWSTONE AIRPORT,西黄石,西黄石
YDF,迪尔莱克机场,DEER LAKE AIRPORT,迪尔莱克,鹿湖
YGJ,美秀机场,MIHO,美秀机场,米子
YMM,麦克默里堡机场,FORT MCMURRAY AIRPOR,麦克默里堡,福麦木瑞
YNY,襄阳机场,YANGYANG,襄阳,襄阳
YQQ,科莫克斯机场,COMOX,科莫克斯,康英克斯
YQU,大草原城机场,GRANDE PRAIRIE,,大草原城
YUM,尤马国际机场,YUMA INTERNATIONAL A,尤马国际,尤马
HAH,莫罗尼国际机场,PRINCE SAID IBRAHIM ,莫罗尼国际机场,莫罗尼
YXC,克兰布鲁克机场,CRANBROOK,克兰布鲁克,克兰布鲁克
YXH,梅迪辛哈特机场,MEDICINE HAT AIRPORT,梅迪辛哈特,梅迪辛哈特
YXS,乔治王子城机场,PRINCE GEORGE AIRPOR,乔治王子城机场,乔治王子城
YYB,诺斯贝机场,NORTH BAY AIRPORT,诺斯贝,诺斯贝
YZR,萨尼亚机场 ,SARNIA AIRPORT  ,萨尼亚,松妮亚
ZCL,拉卡勒拉机场,LA CALERA AIRPORT,拉卡勒拉,萨卡特卡斯
ZSE,圣皮埃尔挽德拉瑞乌尼翁机场,ST. PIERRE DE LA REU,圣皮埃尔挽德拉瑞乌尼翁,圣皮埃尔
ABI,阿比林地方机场,ABILENE MUNICIPAL,阿比林,阿比林
ABR,阿伯丁地方机场,ABERDEEN MUNICIPAL,阿伯丁地方,阿伯丁
ACT,韦科地方机场,WACO MUNICIPAL AIRPO,韦科,韦科
ADF,阿德亚曼机场,ADIYAMAN AIRPORT,阿德亚曼,阿德亚曼
AES,维格拉机场,VIGRA,维格拉,奥勒松
AEX,亚历山德里亚国际机场,ALEXANDRIA INTERNATI,亚历山德里亚,亚历山大
AGU,阿瓜斯卡连特斯机场,AGUASCALIENTS AIRPOR,阿瓜斯卡连特斯,阿瓜斯卡连特斯
EXT,埃克塞特机场,EXETER AIRPORT,埃克塞特,埃克塞特
FAT,弗雷斯诺机场,FRESNO AIR TERMINAL,弗雷斯诺,弗雷斯诺
FCA,格雷希尔国际公园机场,GLACIER NATIONAL PAR,格雷希尔国际公园,卡利斯佩尔
FLN,弗洛里亚诺布里斯机场,HERCILIO LUZ AIRPORT,弗洛里亚诺布里斯,弗卢里亚诺波利斯
FNT,毕晓普机场,BISHOP,毕晓普,弗林特
FOR,平托马丁斯机场,PINTO MARTINS,,福塔莱萨
FPO,格兰德巴哈马国际机场,GRAND BAHAMA INTERNA,格兰德巴哈马,弗里波特
FSD,苏福尔斯地区机场,SIOUX FALLS REGIONAL,,苏福尔斯
FSM,史密斯堡地方机场,FORT SMITH MUNICIPAL,史密斯堡,史密斯堡
GAJ,顺町机场,JUNMACHI AIRPORT,顺町,山形
GAU,博尔哈机场,BORJHAR AIRPORT,博尔哈机场,古瓦哈蒂
GCM,欧文挽罗伯茨国际机场,OWEN ROBERTS INTERNA,欧文挽罗伯茨,大开曼岛
GEO,切蒂加干国际机场,CHEDDI JAGAN INTERNA,切蒂加干国际,乔治敦
GFK,大福克斯机场,GRAND FORKS AIRPORT,大福克斯,大福克斯
GIS,吉斯伯恩机场,GISBORNE AIRPORT,吉斯伯恩,吉斯伯恩
GJT,大章克申机场,WALKER FIELD,大章克申,大章克申
GND,波因特萨莱恩国际机场,POINT SALINE INTERNA,波因特萨莱恩,格林纳达
GNV,盖恩斯维尔地区机场,GAINESVILLE REGIONAL,,盖恩斯维尔
GRB,奥斯丁－斯特劳贝尔机,AUSTIN-STRAUBEL FIEL,奥斯丁－斯特劳贝尔机,格林贝
GTF,大瀑布村国际机场 ,GREAT FALLS INTERNAT,大瀑布村,格雷特瀑布
HDS,荷兹普鲁伊特机场 ,HOEDSPRUIT AIRPORT ,荷兹普鲁伊特,荷兹普鲁伊特
HER,卡赞查基斯机场,N. KAZANTZAKIS,卡赞查基斯,赫拉克利翁
HIB,奇绍尔姆机场,CHISHOLM AIRPORT,奇绍尔姆,西宾
HIN,蛇川机场,SACHEON,蛇川,晋州
HLZ,哈密尔顿机场,HAMILTON,,汉密尔顿
HMO,根珀斯克拉挽加西亚,GEN PESQUEIRA GARCIA,根珀斯克拉挽加西亚,埃莫西约
HPH,卡特比机场,CATBI AIRPORT,卡特比机场,海防
HRL,瓦雷国际机场       ,VALLEY INTERNATIONAL,瓦雷    ,哈灵根
HTI,哈密尔顿岛机场,HAMILTON ISLAND,哈密尔顿岛,哈密尔顿岛
HUN,花莲机场,BUS SERVICE,,中国花莲
HUX,瓦图尔科机场,HUATULCO AIRPORT ,瓦图尔科,圣克鲁斯华图考
HVN,纽黑文机场,NEW HAVEN AIRPORT,纽黑文,纽黑文
ZVE,纽黑文火车站,NEW HAVEN RAIL STATI,纽黑文火车站,纽黑文
HYS,海斯地方机场,HAYS MUNICIPAL AIRPO,海斯地方,海斯
IDA,凡宁机场,FANNING FIELD,,爱达荷福尔斯
IDR,印多尔机场,INDORE AIRPORT,印多尔机场,印多尔
GRK,格雷军用机场,GRAY ARMY AIR FIELD,格雷,基林
ILM,新汉诺威郡机场,NEW HANOVER COUNTY A,新汉诺威郡,威尔明顿
ILO,曼德里奥机场,MANDURRIAO AIRPORT,曼德里奥,伊洛伊洛
ITH,汤普金斯郡机场,TOMPKINS COUNTY,,伊萨卡
ITO,希罗机场,HILO,希罗,希洛
IVC,因弗卡吉尔机场,INVERCARGILL,因弗卡吉尔机场,因佛卡吉尔
IXC,钱迪加机场,CHANDIGARH AIRPORT,钱迪加,昌迪加尔
IXE,巴吉佩机场,BAJPE,,门格洛尔
IXM,马杜赖机场,MADURAI,马杜赖,马杜赖
IXR,兰契机场,RANCHI AIRPORT,兰契机场,兰契
IXU,奇卡尔萨纳机场,CHIKKALTHANA AIRPORT,奇卡尔萨纳机场,奥兰加巴德
IZO,出云机场,IZUMO AIRPORT,出云,出云
JDH,焦特布尔机场,JODHPUR AIRPORT,焦特布尔,焦特布尔
JGA,格瓦德汉珀尔机场,GOVARDHANPUR AIRPORT,格瓦德汉珀尔,贾姆纳加尔
JMK,米克诺斯机场,MIKONOS,米克诺斯,米克诺斯
JST,坎布里亚郡机场,CAMBRIA COUNTY AIRPO,坎布里亚郡,约翰斯顿
JTR,锡拉机场,THIRA,锡拉,锡拉
JUB,朱巴机场,JUBA AIRPORT,朱巴,朱巴
KDI,沃尔特挽蒙金西迪机场,WOLTER MONGINSIDI AI,沃尔特挽蒙金西迪,肯达里
KGI,卡尔古利机场,KALGOORLIE AIRPORT,卡尔古利,卡尔古利
KIM,金伯利机场    ,KIMBERLEY AIRPORT ,金伯利  ,金伯利
KKN,霍布克特莫恩机场,HOEYBUKTMOEN,霍布克特莫恩机场,希尔克内斯
KRN,基律纳机场,KIRUNA AIRPORT,基律纳机场,基律纳
KSU,科维恩伯格特机场,KVERNBERGET AIRPORT,科维恩伯格特,克里斯蒂安松
KTA,卡拉萨机场,KARRATHA AIRPORT ,卡拉萨,卡拉特哈
KZO,克孜勒奥尔达机场,KZYL-ORDA,克孜勒奥尔达 ,克孜勒奥尔达
LBB,拉伯克国际机场,LUBBOCK,,拉伯克
LCH,莱克查尔斯地方机场,LAKE CHARLES MUNICIP,莱克查尔斯地方,莱克查尔斯
LGB,长滩地方机场,LONG BEACH MUNICIPAL,长滩,长滩
LGP,莱加斯皮机场,LEGASPI AIRPORT,莱加斯皮机场,莱加斯皮
LIH,考爱岛机场,KAUAI ISLAND,,考爱岛
LKO,阿茅西机场,AMAUSI,阿茅西机场,勒克瑙
LLA,卡拉克斯机场  ,KALLAX AIRPORT  ,卡拉克斯  ,吕勒奥
LMM,费德拉尔机场,FEDERAL AIRPORT ,费德拉尔,洛斯莫奇斯
LPQ,朗勃拉邦机场,LUANG PRABANG,,朗勃拉邦
LVI,利文斯敦机场,LIVINGSTONE AIRPORT,利文斯敦机场,利文斯通
LWB,格林布里尔瓦雷机场 ,GREENBRIER VALLEY AI,格林布里尔瓦雷 ,刘易斯堡
LWS,内兹帕斯郡地区机场,NEZ PERCE COUNTY REG,内兹帕斯郡,刘易斯顿
LYH,普雷斯顿－格伦机场,PRESTON-GLENN FIELD,,林奇堡
MAJ,阿马塔卡布阿国际机场,AMATA KABUA INTERNAT,阿马塔卡布阿,马朱罗
MAM,马塔莫罗斯机场 ,MATAMOROS AIRPORT,马塔莫罗斯,马塔莫罗斯
MAZ,尤格尼奥挽德霍斯托斯机场,EUGENIO M. DE HOSTOS,尤格尼奥挽德霍斯托斯,马亚奎兹
MBE,鄂霍次克机场,MONBETSU,鄂霍次克,纹别
MBJ,桑斯特国际机场,SANGSTER INTERNATION,桑斯特国际,蒙特哥贝
MDE,约瑟马里挽考德瓦机场,JOSE MARIE CORDOVA A,约瑟马里挽考德瓦,麦德林
MED,穆罕默德 挽本阿布杜拉齐兹机场,MOHAMMAD BIN ABDULAZ,穆罕默德挽本阿布杜拉齐兹,麦迪纳
MFR,杰克逊郡机场,JACKSON COUNTY,,梅德福
MGW,摩根敦机场,MORGANTOWN,摩根敦机场,摩根敦
MHK,曼格顿地方机场,MANHATTAN MUNICIPAL ,曼格顿地方,曼哈顿
MID,雷约恩机场,REJON AIRPORT,雷约恩,梅里达
AMI,塞拉帕朗机场,SELAPARANG,塞拉帕朗机场,马塔兰
CAC,基督城机场,CASCAVEL,基督城,卡斯卡韦尔
CFR,卡恩机场,CARPIQUET,卡恩,卡昂
CHC,克赖斯特彻奇机场,CHRISTCHURCH,克赖斯特彻奇,基督城
GSO,PIEDMONTTRIAD,PIEDMONT TRIAD,格林斯堡,格林斯伯勒/海波因特
KEM,克米机场,KEMI/TORNIO,克米,凯米/托尼奥
NAW,奈良机场,NARATHIWAT,奈良,那拉提瓦（陶公）
NKC,努瓦克肖特机场,NOUAKCHOTT AIRPORT ,努瓦克肖特,努瓦克肖特
SCO,阿克套机场,AKTAU AIRPORT,阿克套,阿克套
MQP,克鲁格尔－普马兰加国,KRUGER MPUMALANGA,克鲁格尔－普马兰加国,克鲁格
FLG,普里阿姆机场,PULLIAM FIELD,普里阿姆,费拉格尔斯塔夫
OZC,拉波机场,LABO,拉波,奥三棉市
EUM,新明斯特机场,NEUMUENSTER,新明斯特,新明斯特
YUS,玉树巴塘机场,YUSHUBATANG,巴塘,玉树
NQI,海空军机场,NAVAL AIR STATION,海空军,金斯维尔
STP,圣保罗市区机场,ST. PAUL DOWNTOWN,,圣保罗
JPD,帕萨迪纳直升机机场,PASADENA HELIPORT,,帕萨迪纳
ZQN,弗兰克敦机场,FRANKTON,弗兰克敦,昆斯敦
BZV,马亚马亚机场,MAYA MAYA,布拉柴维尔,布拉柴维尔
TBS,新阿里克塞耶夫卡机场,NOVO ALEXEYEVKA,新阿里克塞耶夫卡,第比利斯
SKP,斯科普里,SKOPJE,斯科普里,斯科普里
YBG,巴戈特维尔机场,BAGOTVILLE,,巴戈特维尔
ERL,赛乌苏国际机场,ELIANHAOTE SAIWUSU,赛乌苏,二连浩特
YSJ,圣约翰机场,SAINT JOHN,圣约翰,圣约翰
HHH,希尔顿黑德机场,HILTON HEAD,希尔顿黑德,希尔顿黑德
FAB,法恩伯勒机场,FARNBOROUGH,法恩伯勒,法恩伯勒
SIP,辛菲罗波尔机场,SIMFEROPOL,辛菲罗波尔,辛菲罗波尔
LBD,库德贾德机场,KHUDZHAND,库德贾德,库德贾德
PSP,帕姆斯普林斯地方机场,PALM SPRINGS MUNICIP,帕姆斯普林斯地方,帕姆斯普林斯
KFG,卡尔库龙机场,KALKURUNG,卡尔库龙,卡尔库龙
JIQ,重庆黔江舟白机场,CHONGQING QIANJIANG ,舟白机场,黔江
YCG,卡斯尔加机场,CASTLEGAR AIRPORT,卡斯尔加,卡斯尔加
CAH,金瓯机场,CA MAU AIRPORT,金瓯机场,金瓯
GAN,甘/希努岛机场,GAN/SEENU AIRPORT,甘/希努岛,甘岛
DRT,德尔里奥国际机场,DEL RIO INTERNATIONA,德尔里奥,德里奥
NAV,内夫谢希尔机场,NEVSEHIR AIRPORT,内夫谢希尔,内夫谢希尔
TBB,宣化机场,TUY HOA AIRPORT,宣化,宣化
DED,台拉登机场,DEHRA DUN AIRPORT,台拉登,台拉登
YAM,苏圣玛丽机场  ,SAULT STE. MARIE AIR,苏圣玛丽  ,苏圣玛丽
VDH,洞海机场,DONG HAI,洞海,洞海
STS,索诺马郡机场,SONOMA COUNTY AIRPOR,索诺马郡,圣罗莎
NTQ,诺特机场,NOTO AIRPORT,诺特,轮岛
BJS,,,,北京
SIA,,,,西安
AXF,,,,阿拉善左旗
RHT,,,,阿拉善右旗
BZX,恩阳机场,,,巴中
BFJ,,,,毕节
PKX,大兴国际机场,,,北京
DBC,,,,白城
CDE,,,,承德
CWJ,,,,沧源
JUH,九华山机场,,,池州
DCY,,,,稻城
HXD,,,,德令哈
EJN,桃来机场,,,额济纳旗
FYJ,,,,抚远
FYN,,,,富蕴
GMQ,,,,果洛
AHJ,,,,红原
HCJ,,,,河池
HNY,,,,衡阳
HTT,,,,花土沟
HUO,,,,霍林郭勒
HUZ,平潭机场,,,惠州
XRQ,,,,呼伦贝尔
CYI,,,,中国嘉义
JGD,,,,加格达奇
JM1,,,,荆门
JSJ,,,,建三江
KNH,尚义机场,,,金门
KJH,,,,凯里
JMJ,,,,澜沧
LFQ,,,,临汾
LLV,,,,吕梁
LNL,,,,陇南
LPF,,,,六盘水
MFK,,,,中国马祖
LZN,,,,中国南竿
NLH,,,,宁蒗
BAR,,,,琼海
BPE,,,,秦皇岛
HBQ,,,,祁连
RIZ,山字河机场,,,日照
RQA,,,,若羌
HPG,,,,神农架
QSZ,,,,莎车
SHF,,,,石河子
SQD,,,,上饶
SQJ,沙县机场,,,三明
WDS,,,,十堰
WGN,,,,邵阳
YSQ,,,,松原
TLQ,,,,吐鲁番
TNH,,,,通化
TNN,,,,中国台南
DTU,,,,五大连池
UCB,,,,乌兰察布
WZQ,,,,乌拉特中旗
WSK,,,,巫山
GXH,,,,夏河
WUT,,,,忻州
XAI,,,,信阳
YIC,,,,宜春
YKH,,,,营口
YYA,,,,岳阳
NZL,,,,扎兰屯
ZQZ,,,,张家口
ZYI,,,,遵义
INB,独立城机场,,,印地潘登斯
IDP,独立城机场,,,独立城（美国）
HOU,霍比机场,,,休斯敦
ULV,巴若塔叶夫克机场,,,乌里扬诺夫斯克
YKF,基奇纳滑铁卢地区机场,,,多伦多
UTI,乌提机场,,,科沃拉
AGB,奥格斯堡穆尔豪森机场,,,慕尼黑
MGA,奥古斯托桑迪诺机场,,,马那瓜
SJY,伊尔马约基机场,,,塞伊奈约基
SON,佩克阿机场,,,圣埃斯皮里图
OOM,大雪山机场,,,库马
YPR,迪格比岛机场,,,鲁珀特王子港
DCF,坎恩菲尔德机场,,,多米尼加岛
IRK,柯克斯维尔地方机场,,,柯克斯维尔
PSO,卡诺机场,,,帕斯托
BCV,赫克托席尔瓦机场,,,贝尔莫潘
LND,亨特机场,,,兰德
HTW,亨廷顿郡机场,,,切萨皮克
GZI,,,,加兹尼
KLD,米加洛夫机场,,,加里宁（特维尔）
SEN,绍森德机场,,,伦敦
YHU,圣胡博特机场,,,蒙特利尔
PNT,特尼恩特 加拉尔多机场,,,纳塔莱斯港
USK,乌辛斯克机场,,,乌申斯克
MZO,希拉马埃斯特拉机场,,,曼萨尼约
BII,恩于机场,,,比基尼环礁
KNO,印尼瓜拉娜姆国际机场,,,棉兰
EVE,伊文内斯机场,,,哈尔斯塔纳维克
JAD,詹达科特机场,,,珀斯
ZTR,日托米尔机场,,,日托米尔
